N,P,K,temperature,humidity,ph,rainfall,label
29,14,11,13.794,94.3,6.788,116.005,orange
25,29,27,27.964,92.37,6.229,176.416,coconut
29,77,27,34.129,62.842,7.399,76.607,blackgram
113,9,55,29.095,93.25,6.454,21.142,muskmelon
6,12,7,12.2,91.226,6.859,115.256,orange
16,64,28,21.263,66.867,6.985,64.467,lentil
20,60,33,30.95,52.27,8.914,75.8,mothbeans
104,13,55,26.978,82.418,6.973,43.853,watermelon
107,20,48,26.959,89.39,6.743,54.734,watermelon
4,22,46,19.774,87.549,5.623,115.103,pomegranate
111,12,46,27.692,93.007,6.331,22.24,muskmelon
90,16,48,27.604,90.81,6.814,28.087,muskmelon
15,63,23,22.597,55.657,6.746,65.113,lentil
15,46,26,25.041,54.6,4.903,46.528,mothbeans
38,124,196,33.276,82.771,6.239,73.744,grapes
32,20,44,20.982,85.404,6.013,113.906,pomegranate
44,62,54,31.858,91.969,7.116,112.934,papaya
77,56,45,26.448,71.705,7.265,179.732,jute
2,21,48,23.537,86.361,6.101,118.849,pomegranate
102,28,27,27.911,56.631,7.459,157.255,coffee
26,125,202,39.467,80.374,6.32,68.429,grapes
30,29,28,27.063,97.509,5.739,181.786,coconut
71,47,39,23.534,85.62,6.968,169.229,jute
9,45,35,27.797,76.309,7.3,53.605,mungbean
64,57,38,23.977,89.154,7.397,192.793,jute
39,42,27,25.556,63.243,6.662,43.055,mothbeans
6,24,12,20.028,92.043,7.127,108.364,orange
87,92,52,26.699,80.545,5.732,90.645,banana
34,12,15,33.722,91.482,7.351,119.44,orange
97,60,30,21.906,56.969,6.687,103.629,maize
88,42,40,24.949,85.545,6.408,262.486,rice
39,134,200,23.723,92.666,5.367,100.43,apple
41,76,24,34.958,55.741,6.112,81.511,blackgram
6,52,15,31.664,83.271,6.065,40.961,mungbean
30,45,31,27.86,49.255,6.552,42.689,mothbeans
39,136,204,22.146,94.901,5.118,123.186,apple
7,140,196,22.911,84.197,5.743,68.537,grapes
55,56,46,35.537,90.205,7.4,201.026,papaya
29,72,28,24.999,24.659,6.137,74.03,kidneybeans
13,25,8,23.999,90.997,6.322,110.059,orange
24,18,33,28.229,99.577,5.896,141.434,coconut
100,43,47,24.267,86.101,7.395,204.935,rice
28,18,48,22.945,94.266,6.157,113.714,pomegranate
45,79,17,30.346,74.219,6.161,68.386,blackgram
40,58,46,43.601,93.921,6.761,139.905,papaya
4,50,19,31.442,49.822,6.014,69.071,mothbeans
39,39,34,34.337,76.35,6.836,68.201,mungbean
40,6,31,29.285,95.589,6.054,205.237,coconut
109,29,53,27.878,93.268,6.527,22.675,muskmelon
13,76,28,21.771,19.972,6.779,84.391,kidneybeans
4,6,42,19.644,94.082,6.995,128.18,pomegranate
33,5,28,25.72,90.253,5.977,202.425,coconut
30,62,79,24.971,20.712,7.875,79.648,chickpea
28,28,35,29.817,55.764,4.92,83.96,mango
25,37,28,33.812,54.643,5.17,104.341,mango
61,55,35,24.29,85.151,7.212,179.292,jute
44,72,27,32.873,58.548,6.911,73.159,blackgram
35,72,18,19.531,50.468,6.809,92.155,pigeonpeas
108,43,19,22.995,77.907,6.462,84.017,cotton
63,39,36,24.66,78.692,7.05,158.309,jute
36,135,197,26.036,82.998,6.519,66.502,grapes
18,61,35,23.032,48.571,5.25,100.964,pigeonpeas
96,23,52,29.576,94.69,6.464,25.726,muskmelon
48,63,77,24.47,30.908,6.91,64.875,chickpea
80,54,43,25.264,87.479,6.005,189.829,rice
59,67,80,24.394,25.386,7.702,89.083,chickpea
3,39,20,29.535,75.827,6.401,57.563,mungbean
39,139,203,21.653,91.873,5.122,118.107,apple
38,73,72,21.513,16.235,7.321,80.219,chickpea
119,25,29,26.751,65.153,7.299,123.386,coffee
47,68,34,32.557,64.314,6.264,82.514,blackgram
28,78,30,32.39,64.427,7.401,124.831,pigeonpeas
55,75,83,18.456,34.325,7.149,96.428,chickpea
6,39,31,29.699,82.625,6.857,64.712,mungbean
19,37,26,33.69,83.158,6.789,59.546,mungbean
31,12,45,18.911,93.563,6.4,129.856,pomegranate
24,136,197,12.498,80.192,6.986,74.291,grapes
99,49,41,23.579,75.354,6.556,162.741,jute
60,69,48,25.341,92.909,7.363,187.048,papaya
108,23,53,28.451,94.024,6.489,24.12,muskmelon
16,9,35,28.955,96.689,6.442,160.466,coconut
69,38,32,21.308,70.252,6.604,100.361,maize
30,65,32,27.492,69.512,5.136,157.208,pigeonpeas
100,31,31,24.418,59.037,6.819,156.631,coffee
35,22,28,25.113,95.632,5.095,195.721,coconut
24,19,32,29.058,54.273,5.407,95.006,mango
109,30,48,25.459,83.643,6.014,47.053,watermelon
50,73,21,25.316,63.277,6.994,59.506,blackgram
22,35,20,28.964,59.523,8.286,71.499,mothbeans
31,37,20,28.242,83.097,7.328,45.828,mungbean
19,62,25,29.835,33.929,7.172,96.126,pigeonpeas
11,125,198,22.968,92.357,5.437,102.327,apple
10,45,16,32.883,77.607,6.469,56.403,mungbean
95,49,23,19.277,67.663,5.843,97.306,maize
30,52,17,25.071,51.929,4.779,72.953,mothbeans
25,24,44,21.963,91.268,6.283,110.928,pomegranate
16,126,200,22.978,90.387,5.229,118.266,apple
67,40,43,23.926,75.53,7.262,177.51,jute
95,50,51,25.108,83.043,7.446,225.424,rice
14,136,199,22.893,94.159,5.055,120.868,apple
12,124,200,38.097,80.466,6.578,73.844,grapes
85,9,48,25.149,85.764,6.285,52.873,watermelon
1,56,32,21.489,69.841,5.846,66.197,lentil
34,79,34,21.478,58.211,6.651,60.499,lentil
86,73,50,27.391,75.688,6.742,115.971,banana
30,72,29,29.142,69.899,5.649,130.228,pigeonpeas
98,37,45,20.484,86.409,7.032,195.407,rice
15,64,22,18.49,57.379,7.096,196.813,pigeonpeas
114,24,54,26.898,84.133,6.447,42.447,watermelon
34,61,27,20.981,42.273,6.721,95.282,pigeonpeas
103,12,53,25.178,84.029,6.006,56.15,watermelon
93,26,25,26.365,53.358,7.35,134.073,coffee
31,26,11,13.928,94.784,7.472,113.07,orange
15,128,196,8.464,82.759,6.793,68.312,grapes
46,65,30,32.491,69.686,7.177,57.797,blackgram
36,71,29,22.574,46.38,5.05,173.636,pigeonpeas
22,56,29,27.725,37.597,6.816,106.684,pigeonpeas
34,144,204,16.245,84.139,5.584,66.378,grapes
26,128,199,32.526,83.928,6.218,65.673,grapes
71,58,18,21.937,73.928,6.111,82.556,maize
83,51,42,26.32,70.275,6.16,160.317,jute
32,57,21,32.641,80.476,6.203,69.849,mungbean
33,21,44,24.686,90.942,5.509,129.093,pomegranate
33,60,15,29.352,51.142,8.475,60.685,mothbeans
99,36,29,25.807,68.048,6.932,198.714,coffee
51,46,51,43.622,90.296,6.56,75.388,papaya
31,73,33,30.746,65.308,7.88,69.627,blackgram
131,41,23,23.735,77.722,7.88,72.023,cotton
66,43,39,23.298,80.619,6.113,165.419,jute
34,126,203,22.123,92.365,6.141,110.924,apple
66,37,17,26.092,61.869,6.8,85.227,maize
85,10,48,24.659,87.277,6.94,45.352,watermelon
92,28,55,29.26,94.623,6.666,21.41,muskmelon
74,48,42,23.777,89.822,7.136,167.569,jute
36,55,50,35.984,90.791,6.828,138.609,papaya
63,42,28,22.935,61.504,7.192,86.528,maize
103,7,47,25.42,83.546,6.812,52.741,watermelon
33,56,35,27.0,60.674,7.499,196.878,pigeonpeas
20,13,33,28.351,90.193,6.148,176.762,coconut
40,78,27,26.784,64.841,6.288,80.748,blackgram
5,62,35,18.667,69.911,6.788,54.795,lentil
115,36,32,27.781,68.363,6.918,160.391,coffee
114,30,54,24.853,88.416,6.403,57.917,watermelon
16,8,39,19.719,93.272,6.196,116.795,pomegranate
38,57,33,22.579,56.603,7.327,45.093,lentil
30,65,83,17.685,34.493,6.602,81.042,chickpea
86,42,36,23.275,88.98,6.882,155.341,jute
110,23,29,25.309,60.014,6.611,164.204,coffee
32,27,34,25.873,91.126,6.087,173.248,coconut
12,42,22,27.006,82.761,6.569,41.494,mungbean
115,43,17,22.064,79.355,7.277,65.887,cotton
66,44,37,23.141,73.502,7.264,171.018,jute
28,37,31,30.812,82.597,6.675,46.713,mungbean
96,25,27,26.846,63.135,6.039,169.247,coffee
15,63,25,20.306,64.052,7.198,83.474,pigeonpeas
97,26,52,26.223,80.076,6.375,44.479,watermelon
13,67,32,23.68,73.028,6.253,59.359,lentil
25,60,31,20.364,22.689,6.325,143.453,kidneybeans
32,121,195,23.683,90.766,6.104,121.773,apple
5,54,19,26.731,60.747,8.804,44.599,mothbeans
11,70,21,27.762,63.879,6.742,45.171,lentil
19,56,32,20.335,38.012,6.023,148.328,pigeonpeas
40,58,51,26.011,94.821,6.085,183.8,papaya
8,12,32,29.816,91.881,6.035,206.984,coconut
26,8,41,23.158,89.531,6.974,124.162,pomegranate
108,18,46,29.701,93.528,6.622,22.798,muskmelon
95,43,18,26.105,55.057,7.002,67.234,maize
96,90,50,29.552,83.792,6.098,107.284,banana
37,14,32,28.391,90.659,5.394,209.774,coconut
54,67,49,28.531,93.579,6.799,123.319,papaya
87,13,53,25.073,80.726,6.657,47.439,watermelon
34,80,75,24.84,33.958,6.613,85.501,chickpea
111,35,28,24.684,68.477,6.18,187.465,coffee
91,44,38,26.7,80.049,5.685,191.606,rice
83,22,31,27.675,64.293,6.68,140.42,coffee
94,38,27,27.579,58.026,6.701,194.173,coffee
33,21,27,29.398,61.653,6.415,104.086,mango
82,42,44,26.009,70.815,7.378,171.009,jute
24,43,30,31.61,71.57,6.084,61.982,mungbean
44,63,17,26.412,63.303,7.393,72.136,blackgram
92,48,38,24.169,73.185,6.819,157.397,jute
1,20,32,27.559,94.057,5.277,133.958,coconut
89,86,47,28.673,84.526,5.931,112.202,banana
70,38,26,18.617,70.303,6.09,70.798,maize
33,69,33,28.046,73.867,6.869,89.303,blackgram
23,130,200,22.458,94.8,5.603,119.284,apple
73,48,48,22.346,87.276,7.002,260.735,rice
5,23,27,28.73,90.812,5.138,220.382,coconut
89,24,54,29.38,92.84,6.991,20.149,muskmelon
84,49,40,26.107,81.347,5.924,244.716,rice
27,50,30,28.332,41.057,6.153,61.033,mothbeans
39,20,50,18.319,87.537,6.429,109.075,pomegranate
20,14,47,23.694,92.378,6.18,100.821,pomegranate
35,71,21,20.177,24.114,6.472,89.554,kidneybeans
19,46,21,32.576,73.796,6.28,47.168,mungbean
12,128,197,21.964,92.827,5.61,100.139,apple
61,48,27,25.827,72.484,6.416,86.298,maize
34,11,25,26.095,92.327,5.229,212.696,coconut
47,79,82,23.374,29.506,7.532,61.066,chickpea
23,126,201,23.304,91.846,5.51,120.581,apple
30,7,26,26.721,97.329,5.93,207.682,coconut
115,91,55,29.429,77.092,5.606,104.12,banana
25,19,27,27.734,56.853,6.162,117.273,mango
40,59,86,18.354,29.406,7.232,96.676,chickpea
25,60,24,28.167,70.898,7.227,41.989,mungbean
105,23,27,27.961,63.575,6.989,121.187,coffee
137,47,16,23.838,83.994,7.234,99.178,cotton
111,6,55,29.85,92.991,6.612,20.806,muskmelon
139,60,16,24.367,83.017,6.515,92.963,cotton
15,139,199,17.231,80.92,5.74,67.178,grapes
77,48,45,26.179,82.8,6.459,180.012,jute
102,39,29,23.952,58.95,7.337,163.615,coffee
65,68,51,35.054,94.457,7.06,224.731,papaya
35,11,30,26.55,92.164,5.271,161.724,coconut
33,55,29,28.414,69.488,7.232,51.165,blackgram
15,48,25,31.412,82.261,6.484,57.432,mungbean
33,73,23,15.769,19.949,5.813,143.465,kidneybeans
85,11,52,29.641,91.809,6.352,25.056,muskmelon
130,45,21,23.521,80.413,6.543,95.272,cotton
96,21,32,24.7,63.664,6.441,196.737,coffee
71,58,53,25.822,79.613,5.616,285.361,rice
21,41,31,30.316,49.531,6.74,67.07,mothbeans
68,65,48,29.12,91.745,6.271,148.883,papaya
39,140,196,11.2,81.569,6.901,66.615,grapes
12,126,201,22.811,94.012,5.675,109.321,apple
118,79,55,28.008,79.086,5.657,107.153,banana
31,65,23,27.304,48.976,5.383,163.423,pigeonpeas
18,46,27,27.436,80.339,6.213,64.046,mungbean
27,72,29,23.722,64.518,7.252,52.734,lentil
26,59,26,28.9,66.559,6.391,77.261,blackgram
39,66,33,19.396,66.744,5.946,42.272,lentil
32,36,27,28.336,53.314,4.715,93.086,mango
1,144,201,22.472,91.174,6.382,103.292,apple
14,46,28,34.063,73.336,6.271,49.055,mungbean
86,25,34,26.357,61.926,6.517,164.437,coffee
101,19,52,26.929,83.219,6.731,44.517,watermelon
90,49,37,25.956,89.614,6.858,183.365,jute
24,74,22,25.099,55.575,7.185,42.783,lentil
27,63,27,19.639,25.1,6.141,137.261,kidneybeans
42,79,23,28.407,71.278,7.182,81.373,blackgram
2,14,11,23.13,90.791,6.022,117.944,orange
8,63,27,27.434,73.169,6.414,40.178,lentil
30,129,203,25.981,81.858,6.475,67.1,grapes
58,77,87,19.005,27.701,7.326,65.007,chickpea
19,71,32,18.707,72.869,6.366,36.145,lentil
93,37,17,24.649,71.235,6.579,89.323,maize
104,8,53,27.219,93.817,6.607,28.407,muskmelon
15,142,202,21.757,91.687,5.444,120.479,apple
73,46,41,20.025,86.567,6.774,211.435,rice
2,8,52,23.844,92.478,6.889,108.488,pomegranate
4,48,29,31.81,59.38,7.056,76.988,mothbeans
99,26,49,27.167,90.609,6.405,29.827,muskmelon
39,6,12,27.195,94.544,6.731,105.603,orange
38,69,46,40.333,94.369,7.108,150.037,papaya
30,25,32,33.846,52.933,4.521,84.587,mango
93,56,54,22.933,86.213,6.592,252.39,rice
117,60,21,23.905,78.869,6.239,67.244,cotton
83,19,54,29.795,92.5,6.399,20.566,muskmelon
83,43,40,26.315,81.885,6.991,160.779,jute
21,74,19,18.945,70.053,6.724,65.536,lentil
106,38,26,25.853,56.548,6.597,156.538,coffee
0,6,26,25.056,92.742,5.0,172.281,coconut
62,47,43,23.559,85.801,7.048,154.469,jute
15,142,196,33.248,80.602,6.38,74.122,grapes
28,75,29,33.538,31.128,6.751,193.707,pigeonpeas
29,70,20,25.895,67.877,6.48,51.654,lentil
43,56,47,42.829,92.132,6.653,57.302,papaya
9,67,25,26.905,57.899,7.377,50.925,lentil
34,79,28,20.961,68.75,6.734,191.461,pigeonpeas
35,24,7,30.144,93.072,6.684,100.01,orange
52,61,31,29.262,71.23,7.964,77.136,blackgram
10,27,34,27.985,47.715,5.569,109.017,mango
31,75,35,19.223,19.586,5.592,98.307,kidneybeans
84,78,49,25.846,81.145,5.923,90.815,banana
39,68,25,21.847,22.988,6.592,108.87,kidneybeans
111,25,26,25.938,65.463,7.275,141.752,coffee
20,45,29,28.398,89.53,7.047,51.102,mungbean
101,25,27,26.226,62.29,6.186,128.198,coffee
15,60,20,19.128,74.692,6.01,38.861,lentil
37,59,23,18.055,26.393,5.804,125.549,kidneybeans
2,25,14,26.524,91.859,6.622,103.15,orange
88,7,49,25.887,85.933,6.028,54.152,watermelon
26,80,28,26.343,56.435,6.031,78.854,blackgram
22,13,54,20.54,93.123,5.683,126.009,pomegranate
14,121,202,21.746,90.42,5.142,118.17,apple
98,85,45,28.459,81.464,5.503,104.296,banana
40,71,84,19.059,31.432,7.95,85.668,chickpea
40,33,30,33.629,54.901,5.908,95.068,mango
26,21,53,18.405,91.316,6.57,119.811,pomegranate
20,8,11,18.281,94.601,6.239,109.244,orange
113,17,32,23.188,63.737,6.086,188.237,coffee
15,58,31,17.688,28.637,6.503,62.936,kidneybeans
27,15,6,18.238,90.336,6.83,110.695,orange
39,122,197,23.594,92.449,5.375,103.533,apple
33,76,81,22.67,20.996,7.724,74.734,chickpea
20,76,33,24.51,18.018,6.354,144.901,kidneybeans
96,56,37,26.171,78.658,6.429,253.24,rice
28,133,204,23.978,90.407,5.158,117.481,apple
11,57,23,25.512,57.729,7.842,58.899,mothbeans
95,32,25,27.111,60.148,7.49,166.467,coffee
29,59,34,17.74,25.855,5.826,97.184,kidneybeans
92,86,46,28.388,80.593,5.883,101.444,banana
33,138,203,22.681,92.45,6.183,117.134,apple
92,27,51,24.442,88.762,6.745,44.811,watermelon
30,130,195,23.491,93.024,5.228,118.397,apple
52,65,85,24.07,15.313,6.809,64.036,chickpea
34,57,15,34.864,63.084,6.255,61.767,blackgram
39,71,33,30.37,61.702,7.568,66.558,blackgram
18,35,27,27.472,48.655,6.018,90.374,mango
25,76,18,31.564,72.998,7.132,88.687,blackgram
97,8,49,24.94,89.349,6.713,49.368,watermelon
61,58,32,23.85,70.828,5.993,74.344,maize
96,93,51,25.183,77.195,5.764,115.895,banana
21,59,34,23.575,24.634,6.688,134.067,kidneybeans
16,79,33,24.858,39.137,6.818,95.745,pigeonpeas
32,61,35,20.854,65.413,5.222,165.076,pigeonpeas
6,48,19,27.404,84.632,6.589,50.597,mungbean
101,9,46,24.282,83.046,6.736,49.052,watermelon
51,78,87,22.887,16.246,6.707,68.294,chickpea
110,25,27,26.615,68.832,6.91,160.468,coffee
116,75,51,26.968,84.457,5.812,116.116,banana
50,76,21,32.25,61.31,7.072,58.33,blackgram
124,44,22,24.404,81.989,6.755,91.523,cotton
1,52,26,29.131,55.459,7.658,59.28,mothbeans
100,36,23,22.451,81.659,7.171,60.354,cotton
22,29,8,17.883,91.151,6.313,106.059,orange
36,66,15,24.58,20.428,6.395,73.191,kidneybeans
75,47,38,24.356,75.404,6.288,247.727,rice
40,67,17,22.381,68.171,5.945,40.018,lentil
62,46,35,24.422,89.753,7.401,182.436,jute
9,128,200,25.335,83.219,5.956,67.692,grapes
19,20,33,28.335,99.378,5.117,140.19,coconut
67,48,55,40.106,94.437,6.441,159.722,papaya
16,14,34,28.596,95.524,5.733,155.334,coconut
39,58,30,26.189,64.09,8.838,52.642,mothbeans
33,70,49,23.856,92.74,7.001,97.496,papaya
25,131,198,23.916,93.445,5.366,120.639,apple
29,63,71,24.588,32.594,7.867,85.04,chickpea
30,68,80,17.789,34.626,7.204,93.589,chickpea
93,9,50,24.442,88.643,6.114,59.4,watermelon
62,51,50,35.413,93.328,6.156,203.994,papaya
3,134,203,13.09,80.912,6.615,72.481,grapes
14,76,26,27.526,55.632,6.532,67.023,lentil
39,31,28,27.19,61.939,5.163,89.69,mango
91,24,49,25.669,83.132,6.612,47.867,watermelon
105,22,27,25.857,63.39,7.096,152.611,coffee
17,130,203,21.758,91.866,5.507,116.964,apple
15,23,28,33.951,49.515,4.52,95.086,mango
9,24,26,31.979,46.487,5.01,95.271,mango
28,127,199,19.469,83.907,6.543,67.868,grapes
106,26,53,25.734,81.289,6.636,59.547,watermelon
14,78,17,24.992,31.839,5.654,117.709,pigeonpeas
34,51,49,34.817,94.069,7.153,65.125,papaya
97,36,34,25.697,67.533,7.272,134.177,coffee
98,38,37,20.749,83.298,6.045,252.58,rice
38,27,39,24.637,94.231,6.471,118.799,pomegranate
19,20,25,27.457,90.315,5.479,132.949,coconut
28,15,41,18.876,85.139,5.668,100.477,pomegranate
24,17,26,30.754,48.094,4.879,80.513,mango
27,22,8,22.977,90.316,6.548,112.846,orange
15,57,32,23.013,42.749,7.379,88.904,pigeonpeas
85,72,50,27.035,79.842,6.03,97.012,banana
93,53,29,22.738,67.92,6.393,78.091,maize
11,25,49,22.707,92.144,6.279,107.429,pomegranate
126,46,22,23.068,76.422,7.83,63.728,cotton
38,49,47,40.654,91.815,7.364,162.524,papaya
32,70,18,24.232,56.022,5.093,185.185,pigeonpeas
34,16,43,23.383,87.453,6.714,110.24,pomegranate
24,74,30,20.497,19.359,5.648,137.511,kidneybeans
5,12,49,24.719,93.331,6.51,122.038,pomegranate
39,35,25,27.559,58.926,5.55,106.181,mango
82,6,48,24.198,81.01,6.226,52.404,watermelon
83,7,49,24.895,87.122,6.871,50.496,watermelon
39,62,29,19.91,24.911,5.815,97.606,kidneybeans
89,18,51,28.645,92.09,6.733,28.476,muskmelon
29,77,71,21.031,20.785,7.724,89.261,chickpea
96,78,54,27.857,84.355,5.986,106.517,banana
21,51,16,29.329,77.961,6.457,63.967,mungbean
22,64,71,24.953,33.692,6.604,97.351,chickpea
114,24,45,27.202,92.789,6.209,21.781,muskmelon
25,59,85,21.846,23.317,7.324,78.833,chickpea
92,44,35,24.931,86.486,6.752,160.553,jute
42,48,52,32.542,90.352,7.468,231.206,papaya
22,20,27,31.334,63.778,4.742,88.551,mango
109,18,53,27.885,90.548,6.706,28.447,muskmelon
91,13,46,28.263,94.916,6.576,26.326,muskmelon
32,56,74,17.335,33.667,7.273,99.565,chickpea
22,58,31,31.673,64.167,7.356,84.97,blackgram
48,75,88,21.499,34.356,7.336,65.364,chickpea
3,131,198,21.596,92.527,5.259,118.671,apple
13,74,27,18.84,29.559,5.909,73.983,kidneybeans
10,51,19,34.1,87.273,6.327,38.952,mungbean
5,45,29,29.987,47.473,7.358,73.035,mothbeans
117,56,17,24.188,77.551,7.832,60.023,cotton
4,45,26,24.001,42.272,6.823,60.953,mothbeans
80,82,54,27.223,77.215,5.526,98.434,banana
111,24,52,24.825,89.35,6.627,52.768,watermelon
36,69,22,34.782,66.363,7.41,54.527,blackgram
32,24,8,33.321,92.36,7.284,106.072,orange
54,63,77,17.52,25.843,7.837,94.054,chickpea
9,52,22,32.505,79.532,6.753,56.165,mungbean
87,45,44,23.816,73.278,6.146,196.587,jute
11,27,47,22.085,94.716,6.289,117.124,pomegranate
94,44,43,25.13,79.863,6.646,178.122,jute
86,21,29,26.585,57.365,7.088,162.266,coffee
108,50,19,23.194,81.044,6.825,75.038,cotton
25,62,34,23.414,57.641,6.389,50.535,lentil
41,68,53,33.253,93.001,6.94,123.048,papaya
92,40,41,26.966,84.748,6.376,242.109,rice
40,74,76,24.913,28.608,6.678,99.003,chickpea
102,39,16,25.447,83.343,7.148,71.171,cotton
92,29,25,23.792,67.844,6.057,146.471,coffee
95,26,49,28.926,94.379,6.143,23.265,muskmelon
110,20,48,24.728,85.122,6.127,50.865,watermelon
39,65,30,15.296,21.28,6.79,109.06,kidneybeans
30,55,86,19.758,29.659,7.442,90.86,chickpea
111,93,46,25.357,75.383,5.76,95.899,banana
62,68,52,40.62,90.494,6.78,179.338,papaya
82,74,49,29.955,78.033,6.132,113.736,banana
32,68,80,18.349,33.832,6.731,86.349,chickpea
100,35,40,24.093,85.893,7.164,159.377,jute
86,81,53,25.211,77.194,5.505,96.691,banana
112,9,45,24.536,85.673,6.607,40.629,watermelon
42,72,24,26.882,62.692,7.849,83.599,blackgram
27,121,201,21.5,91.758,5.647,124.896,apple
112,72,48,27.179,84.597,6.481,99.336,banana
38,72,34,31.829,55.82,7.835,75.497,blackgram
81,78,53,25.325,76.275,6.695,103.258,banana
35,128,204,21.157,92.559,5.66,116.621,apple
28,59,32,27.977,43.99,5.409,187.339,pigeonpeas
83,26,28,25.091,51.844,7.401,175.633,coffee
107,27,47,27.219,94.74,6.904,27.031,muskmelon
38,71,19,32.344,61.902,7.285,80.219,blackgram
116,16,26,24.886,58.224,6.42,143.248,coffee
91,7,52,26.559,85.94,6.97,51.663,watermelon
38,19,33,33.733,48.412,4.536,84.021,mango
10,142,204,38.832,84.876,6.842,69.485,grapes
1,56,31,28.91,84.42,6.987,53.863,mungbean
112,18,54,29.046,93.69,6.552,20.521,muskmelon
112,43,17,22.595,76.552,6.159,83.507,cotton
44,57,76,24.997,29.377,7.289,90.767,chickpea
24,137,196,9.545,82.831,6.692,71.938,grapes
100,37,42,26.904,78.826,6.204,186.901,jute
16,27,6,15.656,90.923,6.989,106.573,orange
4,30,6,21.892,94.917,7.284,110.735,orange
111,8,48,24.033,83.289,6.465,55.905,watermelon
7,48,24,25.433,63.718,7.127,78.387,mothbeans
62,50,53,34.493,91.609,6.602,113.193,papaya
11,129,199,18.875,80.238,5.561,65.521,grapes
15,71,15,22.65,60.448,5.422,171.738,pigeonpeas
30,57,29,22.3,28.158,5.575,68.621,kidneybeans
15,12,32,26.487,90.35,5.18,143.475,coconut
85,36,43,24.268,76.241,7.233,164.673,jute
133,44,21,22.162,83.929,6.66,61.558,cotton
92,17,46,27.55,93.83,6.916,29.366,muskmelon
25,129,202,21.425,92.616,5.307,115.35,apple
108,27,53,26.571,89.022,6.596,42.255,watermelon
72,59,45,25.755,81.011,5.648,255.533,rice
33,19,26,29.072,90.235,5.047,141.502,coconut
36,54,46,30.458,93.536,7.319,144.933,papaya
13,55,23,30.454,68.764,7.211,139.17,pigeonpeas
5,10,47,18.706,89.16,6.991,109.11,pomegranate
75,53,38,22.656,89.843,6.78,246.834,rice
29,78,18,23.51,61.162,6.483,64.431,lentil
26,79,35,24.339,19.584,6.619,116.838,kidneybeans
83,42,17,24.198,68.995,7.12,85.024,maize
73,46,36,21.53,82.58,5.553,203.861,rice
33,138,200,22.375,90.383,5.559,103.669,apple
1,129,198,22.333,92.31,6.114,105.266,apple
95,55,37,23.203,87.166,6.816,153.709,jute
4,40,30,31.896,75.337,6.851,43.082,mungbean
117,57,23,22.111,81.717,7.862,75.631,cotton
38,123,202,19.505,83.537,5.803,69.804,grapes
111,49,23,22.607,80.537,6.633,68.795,cotton
37,78,16,24.598,45.894,5.815,113.144,pigeonpeas
43,68,51,38.442,94.38,7.014,205.262,papaya
108,82,47,25.347,84.63,5.869,96.991,banana
8,17,7,25.081,94.949,7.195,119.456,orange
98,81,49,29.332,78.252,6.54,109.935,banana
31,58,31,32.477,75.694,7.114,63.308,mungbean
31,72,30,27.803,52.6,7.445,160.381,pigeonpeas
107,80,53,27.688,78.261,5.53,113.561,banana
33,79,27,26.373,71.729,7.586,80.569,blackgram
18,50,21,28.673,54.139,5.505,45.817,mothbeans
24,65,25,20.789,70.36,5.984,43.774,lentil
116,29,50,29.169,91.385,6.982,23.577,muskmelon
21,53,31,29.4,81.243,6.852,48.944,mungbean
77,54,18,21.734,56.98,6.485,80.406,maize
3,16,8,33.132,92.216,6.957,110.772,orange
99,9,55,25.871,86.643,6.304,45.765,watermelon
76,38,54,23.997,82.09,7.069,276.9,rice
7,18,32,29.329,47.896,4.936,109.935,mango
38,138,199,8.896,84.825,6.058,72.014,grapes
69,37,38,26.673,78.183,7.487,182.151,jute
86,56,47,21.037,76.912,6.117,287.878,rice
98,15,47,25.409,81.244,6.968,58.281,watermelon
27,27,33,26.805,90.544,5.939,183.85,coconut
15,53,31,29.127,70.813,6.106,45.637,mungbean
82,37,40,23.374,75.223,6.823,191.406,jute
115,17,46,24.164,88.299,6.65,46.67,watermelon
21,56,19,24.343,30.563,5.806,179.987,pigeonpeas
105,25,53,25.882,82.602,6.553,58.974,watermelon
6,123,199,33.004,80.264,6.588,74.745,grapes
20,32,32,32.207,63.53,5.971,89.694,mango
31,13,11,14.911,90.582,6.125,103.948,orange
28,44,32,29.237,73.598,6.197,55.156,mungbean
39,25,33,26.982,98.234,6.321,224.098,coconut
14,55,23,33.943,87.396,6.34,57.847,mungbean
65,41,18,23.95,55.516,5.821,99.499,maize
96,55,40,25.512,76.621,7.244,283.031,rice
105,25,48,24.511,81.378,6.461,42.526,watermelon
16,78,30,17.451,18.077,6.033,83.3,kidneybeans
110,39,16,22.993,81.401,7.509,62.683,cotton
112,92,51,26.698,84.376,6.518,103.622,banana
21,70,28,21.165,23.798,6.134,60.661,kidneybeans
2,28,33,34.839,51.393,5.23,107.172,mango
12,132,197,21.065,94.046,5.685,114.399,apple
116,47,23,25.668,78.035,7.071,73.084,cotton
26,14,11,27.908,92.389,7.123,117.039,orange
18,26,9,21.099,93.72,7.11,107.608,orange
9,37,20,28.886,78.644,6.571,40.105,mungbean
28,141,201,22.904,91.644,5.584,123.247,apple
107,45,21,22.929,76.474,6.266,88.059,cotton
22,58,18,27.302,77.113,6.208,47.848,mungbean
119,37,19,24.534,80.414,7.608,65.844,cotton
27,63,22,31.725,73.323,7.595,75.826,blackgram
24,48,20,25.356,40.902,4.816,30.014,mothbeans
61,62,50,23.874,94.734,6.461,163.369,papaya
124,58,17,23.893,75.338,6.313,67.66,cotton
38,129,202,25.202,81.314,6.813,71.826,grapes
15,58,25,26.823,61.693,6.178,54.106,mothbeans
34,25,42,18.208,86.456,5.515,124.187,pomegranate
39,8,36,20.611,91.27,6.032,101.432,pomegranate
8,41,27,25.248,42.667,8.561,63.791,mothbeans
78,53,23,23.893,58.087,6.457,108.46,maize
112,59,20,23.544,83.712,7.377,87.81,cotton
92,15,54,28.935,91.883,6.472,26.59,muskmelon
10,132,195,21.346,93.292,5.28,103.495,apple
4,9,10,17.652,93.127,7.363,105.304,orange
99,29,50,29.533,91.089,6.059,29.388,muskmelon
22,29,32,28.514,90.758,5.281,160.534,coconut
17,56,19,29.317,82.738,6.927,44.525,mungbean
20,31,31,30.27,45.777,6.343,95.393,mango
7,38,16,34.03,80.969,6.04,48.895,mungbean
38,39,31,28.413,79.992,7.493,64.729,mungbean
94,59,31,23.522,67.854,5.837,106.454,maize
11,76,22,19.551,39.929,5.889,141.615,pigeonpeas
4,125,197,37.32,80.944,6.236,72.295,grapes
105,7,48,27.356,91.369,6.439,28.853,muskmelon
66,48,22,22.967,65.869,6.437,76.089,maize
26,16,30,28.402,98.897,5.515,217.238,coconut
107,18,34,27.698,52.124,7.066,149.539,coffee
41,63,82,18.3,34.812,7.609,71.969,chickpea
15,16,29,29.642,47.004,5.414,107.932,mango
94,36,38,26.856,72.738,6.387,168.979,jute
87,47,28,18.409,62.905,6.639,60.384,maize
2,55,25,24.94,52.056,4.217,60.174,mothbeans
93,85,53,26.806,75.98,6.425,114.853,banana
31,61,16,31.133,61.775,6.887,55.203,blackgram
4,126,202,23.537,91.871,5.716,108.618,apple
30,72,33,32.965,69.367,6.247,54.567,blackgram
21,68,26,25.563,57.279,6.583,37.674,lentil
62,60,37,25.645,75.751,6.174,161.742,jute
82,23,49,28.347,92.044,6.45,28.348,muskmelon
98,49,39,24.52,82.492,7.335,166.236,jute
50,50,48,42.814,91.282,7.021,235.43,papaya
98,57,53,22.587,77.366,7.167,264.425,rice
6,23,54,21.3,93.598,6.378,106.04,pomegranate
33,141,197,40.818,80.884,6.957,70.374,grapes
21,7,7,24.642,92.906,6.696,110.739,orange
64,57,18,22.083,68.41,6.84,107.299,maize
18,67,29,32.013,45.886,5.256,141.382,pigeonpeas
23,25,31,28.859,56.749,6.477,89.304,mango
140,38,21,24.462,80.261,7.664,71.378,cotton
39,24,26,34.405,48.515,5.957,92.262,mango
67,65,52,40.838,91.268,7.228,112.25,papaya
23,71,31,28.125,56.055,6.687,81.141,blackgram
107,36,29,25.671,68.554,7.358,179.273,coffee
19,31,29,31.571,46.989,4.627,116.355,mango
113,80,54,27.846,79.94,6.217,109.795,banana
89,59,27,21.165,66.558,6.098,92.837,maize
39,52,19,31.781,82.621,6.954,54.739,mungbean
84,35,38,23.982,76.907,6.512,168.073,jute
7,28,9,26.328,94.871,6.615,112.728,orange
67,54,47,36.527,91.957,6.23,101.279,papaya
2,129,203,37.47,84.095,5.942,66.441,grapes
23,41,31,27.735,77.996,7.377,60.699,mungbean
96,18,45,25.352,88.325,6.126,48.987,watermelon
39,42,19,29.461,44.674,4.456,55.692,mothbeans
96,20,49,28.978,93.912,6.81,26.08,muskmelon
8,136,204,22.84,91.648,5.907,100.498,apple
26,78,18,29.959,74.872,7.541,59.518,blackgram
93,75,46,27.976,75.675,6.526,95.808,banana
54,62,33,25.49,63.339,6.356,76.884,blackgram
117,6,51,24.208,80.951,6.803,54.465,watermelon
35,75,23,19.993,25.6,5.815,125.866,kidneybeans
30,73,25,32.994,72.24,6.686,53.376,blackgram
28,13,14,32.628,92.229,7.327,103.683,orange
97,13,53,29.914,90.107,6.055,27.736,muskmelon
8,48,19,31.186,75.173,6.725,60.547,mungbean
26,75,71,21.432,22.378,7.705,82.066,chickpea
1,21,30,32.504,64.091,5.806,95.015,mango
72,45,46,22.91,78.103,6.34,288.581,rice
103,28,53,28.576,90.647,6.324,29.552,muskmelon
105,18,53,29.12,91.574,6.925,24.334,muskmelon
21,57,86,19.931,22.657,7.351,84.204,chickpea
85,75,49,28.548,79.748,6.285,118.175,banana
39,72,17,25.538,63.529,6.358,73.845,blackgram
24,61,20,19.048,60.089,6.669,90.285,pigeonpeas
140,35,17,22.534,84.837,6.734,87.426,cotton
121,43,24,25.629,80.66,6.697,72.254,cotton
29,15,32,31.605,58.566,6.477,85.904,mango
6,9,49,20.102,89.354,5.978,124.906,pomegranate
94,23,48,29.146,93.933,6.278,27.626,muskmelon
28,134,202,21.884,83.057,5.987,65.573,grapes
85,57,28,19.359,56.366,6.419,75.141,maize
5,18,27,28.29,56.25,6.203,81.4,mango
7,24,41,23.268,91.541,5.681,114.725,pomegranate
122,56,17,25.825,79.643,6.307,63.944,cotton
86,6,54,29.736,90.128,6.609,28.08,muskmelon
96,41,38,25.123,70.811,7.428,172.462,jute
34,42,32,30.466,53.068,3.639,37.266,mothbeans
23,68,32,27.778,57.651,6.562,84.314,blackgram
16,76,30,30.911,64.688,7.053,141.832,pigeonpeas
112,13,49,28.956,92.353,6.974,26.219,muskmelon
77,40,44,20.203,80.042,6.858,228.518,rice
3,20,52,24.304,89.07,6.045,119.723,pomegranate
17,24,9,34.217,91.768,7.208,119.5,orange
72,46,55,26.973,76.099,5.926,211.824,rice
27,74,27,26.274,57.059,7.635,81.87,blackgram
30,50,26,34.006,85.738,6.781,50.806,mungbean
14,19,29,29.53,52.784,5.418,82.641,mango
115,29,33,27.284,69.066,7.336,128.668,coffee
46,63,27,28.121,72.843,6.642,57.702,blackgram
72,49,40,23.274,89.656,7.31,192.652,jute
96,76,49,27.705,84.581,6.657,112.077,banana
45,58,18,27.029,67.451,6.506,68.346,blackgram
2,40,33,26.89,51.742,6.001,32.322,mothbeans
81,25,55,27.257,91.25,6.543,23.375,muskmelon
10,18,8,10.546,93.861,6.102,115.718,orange
30,79,22,25.055,64.478,6.293,68.04,lentil
47,75,33,28.536,74.392,6.561,51.247,blackgram
76,50,49,21.646,76.798,7.281,209.546,rice
103,76,50,28.911,76.919,6.381,119.759,banana
24,67,24,21.968,21.827,5.89,141.019,kidneybeans
27,78,90,20.176,24.908,7.905,98.485,chickpea
92,49,44,20.068,76.129,7.266,288.471,rice
6,6,51,22.148,87.413,6.661,121.795,pomegranate
17,128,202,22.277,91.425,5.58,120.532,apple
15,41,21,27.001,86.308,7.272,47.036,mungbean
4,73,24,27.926,71.074,6.291,63.199,lentil
19,136,204,23.805,80.429,6.598,74.175,grapes
20,45,25,29.301,61.2,7.936,60.702,mothbeans
82,40,55,23.567,76.364,5.594,193.158,rice
8,26,33,29.023,51.044,6.435,106.339,mango
72,51,35,24.518,70.808,6.652,151.313,jute
71,48,55,22.45,84.752,7.062,258.211,rice
111,80,49,27.9,81.553,6.114,105.379,banana
36,25,26,29.033,53.507,5.889,101.436,mango
20,7,42,23.284,88.606,6.497,104.548,pomegranate
111,22,49,28.281,90.689,6.438,28.971,muskmelon
106,11,48,28.818,92.394,6.122,20.768,muskmelon
91,35,35,23.317,62.556,7.46,159.592,coffee
80,58,22,24.546,71.379,6.941,71.813,maize
82,50,43,23.068,82.488,6.954,196.93,jute
88,45,17,18.188,61.495,6.922,90.906,maize
63,66,54,30.009,93.082,7.11,215.609,papaya
37,140,202,10.597,80.011,6.9,66.486,grapes
12,126,203,21.742,91.362,5.185,119.601,apple
102,17,48,29.003,94.795,6.493,26.677,muskmelon
23,70,86,21.364,21.424,6.62,86.437,chickpea
119,27,50,26.34,81.88,6.278,43.284,watermelon
3,17,34,25.738,96.259,5.833,186.415,coconut
128,36,24,24.66,81.949,7.621,74.35,cotton
107,11,53,24.277,89.016,6.342,55.064,watermelon
25,43,18,29.209,72.393,7.184,35.313,mungbean
12,48,19,29.372,63.759,5.498,32.714,mothbeans
12,55,35,30.709,85.828,6.495,64.524,mungbean
28,27,29,27.695,90.98,6.033,188.922,coconut
117,82,55,29.119,76.443,5.665,111.335,banana
6,136,200,35.361,80.713,6.806,70.471,grapes
82,43,17,21.182,68.307,6.85,103.405,maize
93,52,18,24.35,63.972,5.807,63.961,maize
123,53,19,22.49,81.443,7.885,82.085,cotton
80,56,21,20.687,66.739,7.198,84.482,maize
99,45,49,20.532,85.359,6.754,192.228,rice
36,61,47,43.315,94.996,7.323,117.296,papaya
79,54,25,18.981,65.077,7.124,62.168,maize
19,66,16,18.59,18.115,5.677,141.522,kidneybeans
28,63,33,34.923,43.709,7.253,123.11,pigeonpeas
114,52,23,22.915,79.447,7.402,96.466,cotton
49,69,80,23.956,21.659,7.936,60.613,chickpea
21,72,30,24.545,27.244,5.522,66.753,kidneybeans
37,18,5,20.93,90.16,6.756,115.966,orange
22,77,22,22.556,19.679,6.785,132.416,kidneybeans
43,68,84,24.493,33.265,6.763,95.29,chickpea
86,36,28,25.884,59.878,7.125,183.242,coffee
2,137,198,22.876,94.856,6.235,121.58,apple
72,50,45,25.969,77.361,7.422,189.613,rice
30,74,31,20.019,68.242,6.633,44.158,lentil
24,68,86,20.627,25.265,7.185,62.309,chickpea
4,13,11,24.275,90.773,6.235,115.328,orange
99,91,48,29.86,75.005,6.714,104.466,banana
40,72,23,22.527,29.589,6.06,61.055,kidneybeans
24,58,24,27.194,60.666,6.386,50.948,blackgram
103,8,50,25.788,81.071,6.282,57.892,watermelon
34,60,16,26.411,64.514,6.955,41.275,lentil
16,46,34,34.153,88.665,6.411,62.269,mungbean
39,37,27,31.793,48.599,5.609,112.021,mango
37,23,6,28.915,90.602,6.734,112.097,orange
2,20,32,27.455,99.023,5.44,145.461,coconut
85,27,54,29.713,91.772,6.402,25.569,muskmelon
28,39,18,26.581,41.271,8.628,60.78,mothbeans
89,37,29,27.087,60.182,6.275,165.763,coffee
18,56,16,22.893,24.079,6.317,110.105,kidneybeans
27,35,32,31.791,51.178,6.481,84.939,mango
38,59,17,32.801,80.633,6.284,53.417,mungbean
97,22,45,24.754,83.502,6.283,57.18,watermelon
39,8,7,21.436,90.556,6.826,105.914,orange
98,70,47,25.409,80.718,5.533,112.123,banana
25,20,13,28.778,90.76,7.413,112.193,orange
104,58,16,24.781,75.501,6.159,97.28,cotton
117,79,46,28.067,78.032,6.433,97.028,banana
39,59,16,34.904,71.178,7.249,61.473,blackgram
83,55,36,23.215,84.74,6.8,192.859,jute
9,15,29,25.186,94.325,5.699,146.627,coconut
101,37,16,25.567,76.456,7.283,74.781,cotton
32,135,199,8.704,84.133,6.645,71.445,grapes
7,24,26,26.267,99.51,5.633,163.964,coconut
11,76,28,20.899,44.301,6.094,154.617,pigeonpeas
28,56,18,26.517,64.172,6.091,47.025,lentil
34,59,16,21.197,72.566,6.03,40.716,lentil
16,55,26,31.681,43.602,7.225,75.708,mothbeans
113,26,50,29.465,93.407,6.859,26.172,muskmelon
15,58,29,24.32,74.511,6.144,39.452,lentil
29,19,31,28.232,93.955,5.49,209.427,coconut
32,17,11,25.859,93.672,6.848,119.485,orange
91,57,25,22.122,74.281,5.885,83.949,maize
75,54,43,26.339,78.636,7.032,191.681,jute
35,69,51,34.125,93.652,7.099,92.248,papaya
14,39,35,30.544,77.046,6.473,69.701,mungbean
67,45,29,22.502,71.667,6.929,63.604,maize
48,63,72,24.329,20.901,7.422,68.765,chickpea
13,18,9,31.476,92.474,6.696,116.523,orange
5,130,203,21.168,93.187,5.093,102.437,apple
116,19,49,25.805,85.273,6.103,45.561,watermelon
32,72,21,24.572,36.516,6.431,195.79,pigeonpeas
42,71,77,18.428,25.745,7.293,89.114,chickpea
77,51,40,26.911,78.111,6.287,162.647,jute
103,83,52,26.377,75.074,5.685,91.919,banana
35,9,14,33.035,91.614,6.439,117.889,orange
12,124,199,10.481,81.941,6.193,65.935,grapes
30,59,24,27.686,54.671,3.65,35.813,mothbeans
71,36,25,20.794,64.038,5.88,101.585,maize
100,73,48,29.352,79.176,6.245,106.973,banana
32,56,78,23.351,24.142,6.666,96.206,chickpea
80,58,21,25.19,67.141,6.293,91.831,maize
33,57,30,29.194,53.051,5.537,32.172,mothbeans
32,12,26,29.239,90.59,5.37,190.142,coconut
37,136,203,9.205,82.315,6.427,69.883,grapes
93,13,47,26.408,84.987,6.99,48.425,watermelon
35,13,9,34.608,90.415,7.3,110.094,orange
7,37,25,27.327,53.426,4.006,41.06,mothbeans
35,10,39,23.229,91.041,6.807,103.19,pomegranate
30,120,199,22.578,90.028,5.466,102.353,apple
86,59,35,23.52,84.988,6.387,182.873,jute
33,50,47,36.818,92.194,7.307,54.57,papaya
17,35,20,25.772,58.495,5.899,72.006,mothbeans
1,12,31,27.843,98.833,5.084,198.141,coconut
70,54,50,20.746,81.377,5.852,294.956,rice
23,79,20,17.61,21.78,6.541,130.073,kidneybeans
139,55,25,22.013,76.889,7.868,97.112,cotton
73,50,39,24.201,83.041,6.058,161.474,jute
27,22,31,25.201,95.897,5.313,185.36,coconut
47,68,83,17.42,23.266,7.576,64.022,chickpea
27,60,28,31.667,52.597,7.319,46.119,mothbeans
3,10,43,23.766,91.46,5.885,118.037,pomegranate
72,39,46,22.127,89.909,5.737,271.733,rice
17,40,28,28.537,58.379,4.941,115.291,mango
17,9,39,24.789,89.395,5.881,117.684,pomegranate
97,16,33,26.92,58.125,7.145,163.56,coffee
4,32,34,34.454,60.327,5.701,105.759,mango
11,22,43,20.86,86.459,5.935,107.854,pomegranate
73,52,21,26.507,71.271,6.57,82.741,maize
87,36,55,25.852,89.535,7.353,281.843,rice
15,59,24,19.065,24.431,6.754,80.764,kidneybeans
88,52,52,25.359,80.706,5.512,222.211,rice
25,40,15,27.397,80.699,6.279,38.58,mungbean
35,120,199,22.004,93.239,5.15,122.829,apple
27,142,201,36.204,84.596,6.253,72.094,grapes
32,139,197,15.879,83.631,6.053,74.022,grapes
111,76,52,29.438,79.442,6.549,108.206,banana
4,59,19,19.884,72.941,6.843,64.1,lentil
35,21,11,31.586,94.252,6.242,107.381,orange
35,56,15,32.55,72.226,6.675,35.796,mungbean
61,62,45,34.906,90.121,7.419,60.749,papaya
30,130,202,37.589,84.858,5.748,72.507,grapes
69,70,53,30.807,94.189,6.067,69.751,papaya
12,80,28,32.645,40.446,6.778,187.085,pigeonpeas
51,65,22,25.601,74.112,6.529,67.623,blackgram
84,58,21,21.39,70.833,6.938,93.506,maize
33,65,32,17.314,26.486,5.512,110.573,kidneybeans
64,46,28,21.369,58.053,7.092,63.357,maize
92,57,24,25.288,68.037,6.25,83.781,maize
104,17,54,28.154,90.222,6.206,21.844,muskmelon
27,15,35,25.432,92.532,5.206,217.848,coconut
63,36,18,23.561,68.479,6.181,93.097,maize
1,63,22,21.729,65.797,6.076,45.555,lentil
31,35,20,30.304,84.847,7.482,61.522,mungbean
111,89,52,27.307,82.919,5.907,95.635,banana
91,56,51,21.603,75.482,6.131,212.129,rice
29,29,26,26.84,96.458,6.456,200.475,coconut
33,67,75,18.983,16.936,6.935,75.366,chickpea
18,76,35,21.793,19.143,6.752,138.569,kidneybeans
99,20,35,27.538,63.561,6.118,133.071,coffee
119,81,46,26.25,76.645,5.904,108.78,banana
115,37,25,23.924,66.407,7.496,122.352,coffee
10,44,27,27.567,88.604,6.313,52.199,mungbean
26,143,198,34.702,81.695,6.04,73.56,grapes
38,50,48,34.945,94.743,6.512,239.587,papaya
42,68,51,43.145,90.296,6.616,70.196,papaya
99,79,53,29.419,77.245,5.861,102.602,banana
46,55,19,27.816,70.804,6.616,70.268,blackgram
15,72,25,19.182,19.654,5.999,78.575,kidneybeans
72,36,45,24.311,84.236,7.304,196.571,jute
51,71,19,25.393,62.683,6.382,77.835,blackgram
63,56,17,24.938,71.702,7.037,61.887,maize
94,22,49,24.03,87.831,6.597,41.556,watermelon
10,56,21,19.265,60.208,6.114,54.687,lentil
16,78,27,18.376,58.6,6.65,68.26,lentil
35,20,50,19.846,88.13,6.839,109.466,pomegranate
17,76,31,24.032,63.569,7.113,101.132,pigeonpeas
10,69,15,25.318,73.999,6.026,45.353,lentil
25,59,79,19.058,18.724,7.605,91.631,chickpea
86,32,26,25.753,61.458,6.517,170.428,coffee
119,30,50,25.842,85.465,6.158,54.834,watermelon
58,58,70,19.51,18.029,7.536,76.415,chickpea
104,91,49,26.757,81.322,6.261,105.31,banana
19,57,32,23.242,45.899,6.223,159.325,pigeonpeas
27,26,51,19.391,89.145,5.773,126.292,pomegranate
12,41,15,29.989,78.235,6.841,48.816,mungbean
107,60,16,24.844,77.696,6.049,68.748,cotton
28,35,32,33.222,62.298,5.801,91.009,mango
1,67,15,19.794,56.783,6.908,66.042,lentil
74,36,16,22.518,59.716,7.192,78.746,maize
113,16,49,29.188,93.677,6.057,21.092,muskmelon
34,65,17,20.639,25.107,6.209,128.171,kidneybeans
53,67,26,34.35,62.178,7.364,66.025,blackgram
21,79,24,21.797,25.928,5.611,121.862,kidneybeans
17,75,30,24.924,59.123,6.888,53.308,lentil
30,76,22,29.005,54.362,5.746,92.973,pigeonpeas
88,26,53,27.082,94.513,6.96,25.398,muskmelon
75,47,39,22.807,75.88,6.258,298.237,rice
13,7,38,21.615,94.697,6.746,122.895,pomegranate
102,77,49,28.052,84.574,5.914,110.463,banana
107,13,51,26.05,81.995,6.136,51.086,watermelon
33,72,19,30.476,68.456,7.663,50.478,blackgram
120,42,22,23.604,83.07,6.47,99.384,cotton
39,25,27,30.531,55.106,5.97,110.413,mango
18,61,16,27.72,63.594,5.384,123.299,pigeonpeas
48,55,49,29.846,91.994,7.085,83.242,papaya
16,66,26,19.08,18.315,5.96,69.306,kidneybeans
96,14,50,25.57,87.651,6.113,43.516,watermelon
31,18,13,31.157,90.439,7.384,112.201,orange
84,50,39,26.799,86.006,6.682,185.955,jute
79,46,20,24.794,57.276,6.402,74.162,maize
48,57,72,19.454,23.108,7.254,95.805,chickpea
114,35,27,26.903,65.525,6.645,165.113,coffee
34,130,204,39.183,80.645,6.05,73.448,grapes
97,6,48,28.625,91.739,6.026,26.087,muskmelon
13,11,11,21.798,90.455,6.555,114.859,orange
107,23,25,24.145,65.005,7.44,121.833,coffee
103,87,46,27.536,83.352,6.616,102.662,banana
14,74,18,34.734,68.887,7.021,95.142,pigeonpeas
14,70,30,33.974,66.997,6.407,92.119,pigeonpeas
17,26,32,27.653,96.548,6.452,153.908,coconut
84,82,53,27.963,81.263,5.935,97.512,banana
39,72,18,32.313,74.672,7.967,81.155,blackgram
4,64,30,23.397,59.386,7.11,58.076,lentil
85,19,48,27.794,90.894,6.463,24.399,muskmelon
18,53,17,33.23,88.757,7.044,39.736,mungbean
34,62,16,22.123,24.92,5.6,105.52,kidneybeans
8,19,51,22.564,91.975,6.832,123.447,pomegranate
17,129,204,14.748,80.948,5.56,68.945,grapes
77,55,44,22.136,86.93,5.955,182.84,rice
64,52,21,24.514,68.131,7.069,103.664,maize
105,90,47,26.246,84.0,6.453,103.735,banana
3,58,25,26.828,62.358,4.98,77.356,mothbeans
58,56,52,27.682,93.188,6.173,229.466,papaya
53,67,52,39.684,93.792,6.337,61.641,papaya
93,78,53,28.418,77.745,6.417,119.94,banana
31,15,36,24.065,93.232,6.911,114.133,pomegranate
46,66,49,42.78,92.106,6.627,194.024,papaya
6,60,31,26.825,49.879,6.723,55.887,mothbeans
116,36,33,23.821,65.047,6.001,173.417,coffee
15,54,32,27.899,71.091,7.423,67.436,mungbean
14,49,34,29.062,70.397,6.182,65.358,mungbean
87,60,38,23.132,70.231,6.041,183.244,jute
93,38,41,25.117,70.099,6.938,162.933,jute
81,44,39,21.869,89.05,6.796,253.096,rice
100,95,51,29.977,75.765,5.637,112.996,banana
23,63,23,22.203,21.255,5.601,97.281,kidneybeans
111,86,46,25.155,83.321,6.373,110.167,banana
119,58,24,23.918,78.525,6.387,96.879,cotton
116,58,24,25.502,76.21,6.324,82.817,cotton
39,20,45,22.329,94.739,6.041,120.214,pomegranate
20,8,26,25.361,99.501,5.363,168.581,coconut
9,140,204,21.995,91.078,6.1,123.5,apple
81,48,39,25.252,74.716,6.224,163.47,jute
36,17,7,16.5,91.476,6.667,115.747,orange
100,49,38,25.18,74.005,7.028,153.984,jute
24,35,31,30.06,76.096,6.062,53.898,mungbean
39,128,197,21.054,91.623,5.096,107.196,apple
38,65,17,23.13,35.458,5.394,193.843,pigeonpeas
7,140,205,21.274,94.017,5.22,104.12,apple
94,52,40,26.797,78.749,6.378,171.665,jute
19,19,26,28.621,97.156,6.383,173.195,coconut
24,13,9,12.641,94.424,7.44,115.235,orange
14,76,22,28.715,55.787,6.456,111.058,pigeonpeas
38,60,30,20.254,62.054,6.255,58.808,lentil
24,55,31,25.455,56.491,4.955,66.209,mothbeans
56,71,22,25.849,67.656,7.471,55.598,blackgram
22,38,32,28.987,58.747,5.939,104.323,mango
5,53,33,27.703,48.969,5.18,57.584,mothbeans
27,47,30,34.117,77.621,6.43,57.11,mungbean
43,65,51,38.122,93.588,6.967,156.355,papaya
23,56,79,20.874,19.08,7.41,72.503,chickpea
100,50,54,26.24,84.19,6.939,240.573,rice
58,57,17,33.141,70.427,6.758,69.772,blackgram
16,22,28,26.939,92.084,5.643,186.021,coconut
38,7,41,24.874,86.643,5.592,122.776,pomegranate
83,44,45,22.389,87.744,7.145,192.665,rice
16,62,25,21.428,58.137,5.738,84.729,pigeonpeas
71,51,38,23.232,75.754,6.258,205.399,rice
2,10,7,13.574,90.171,7.192,103.238,orange
114,48,21,23.006,77.682,6.543,71.558,cotton
82,38,36,24.977,89.923,7.089,167.035,jute
42,62,18,31.946,60.488,7.054,70.986,blackgram
14,123,200,10.881,82.572,5.731,66.238,grapes
24,20,49,23.717,89.879,6.571,115.849,pomegranate
8,19,30,31.575,62.136,5.509,85.114,mango
34,123,200,23.488,90.049,5.624,103.759,apple
8,20,25,26.764,94.649,5.692,217.727,coconut
11,62,31,23.316,59.542,5.237,170.984,pigeonpeas
38,78,16,26.0,71.947,7.225,81.106,blackgram
55,59,29,29.196,61.19,7.537,67.85,blackgram
82,45,41,25.85,86.334,6.079,158.99,jute
104,38,22,25.787,80.628,6.876,74.667,cotton
102,29,48,27.125,90.178,6.508,26.503,muskmelon
33,36,35,31.15,77.912,7.103,54.52,mungbean
40,9,31,27.962,96.016,5.76,157.113,coconut
97,16,49,24.083,85.589,6.957,48.418,watermelon
119,13,52,27.347,92.324,6.319,21.135,muskmelon
36,62,46,38.096,92.849,7.421,192.83,papaya
84,51,23,20.251,71.906,6.079,79.235,maize
90,38,27,26.825,57.101,7.243,140.617,coffee
98,29,53,24.865,89.695,6.499,53.711,watermelon
93,40,34,26.434,58.099,6.226,125.829,coffee
17,62,34,23.424,70.89,7.139,37.834,lentil
25,57,24,19.211,23.811,5.6,85.17,kidneybeans
56,53,53,39.266,93.118,6.076,85.607,papaya
22,41,24,31.905,77.318,6.748,42.369,mungbean
12,56,30,17.921,21.298,6.199,76.821,kidneybeans
39,58,34,16.417,21.743,6.092,80.687,kidneybeans
9,17,32,29.492,59.433,4.99,87.057,mango
109,15,46,26.202,88.795,6.268,44.114,watermelon
16,9,28,25.108,93.922,5.455,220.744,coconut
54,69,15,33.827,59.758,7.178,69.028,blackgram
88,75,55,26.814,75.737,5.539,93.456,banana
18,52,18,25.716,50.014,5.361,57.529,mothbeans
13,138,204,22.761,94.722,5.775,123.514,apple
27,40,30,25.287,47.165,4.878,71.969,mothbeans
17,25,41,22.795,86.313,6.498,124.962,pomegranate
31,135,198,23.422,94.357,6.003,111.835,apple
39,66,32,22.58,46.671,6.614,102.552,pigeonpeas
24,48,18,25.325,41.927,7.039,40.576,mothbeans
27,43,21,32.033,70.844,7.406,53.232,mungbean
36,17,6,33.454,90.002,6.377,111.115,orange
56,52,51,32.443,93.74,7.024,168.648,papaya
27,58,25,25.597,58.386,8.3,40.339,mothbeans
43,58,51,34.17,91.971,6.82,82.196,papaya
87,28,50,25.312,80.996,6.801,50.085,watermelon
37,27,38,20.221,90.304,5.713,103.505,pomegranate
88,7,55,24.181,80.131,6.216,56.37,watermelon
30,36,24,33.168,80.423,7.473,51.549,mungbean
7,50,32,30.87,43.5,6.462,43.162,mothbeans
13,45,18,29.774,77.038,6.938,43.267,mungbean
110,54,23,23.447,77.253,6.525,62.387,cotton
13,60,19,29.852,58.882,6.825,111.832,pigeonpeas
115,77,55,28.375,77.463,6.221,113.556,banana
42,72,74,18.98,30.095,7.81,63.275,chickpea
101,32,25,26.218,63.647,7.189,149.494,coffee
34,51,53,26.874,93.813,7.21,90.768,papaya
29,42,32,34.316,81.09,6.103,40.426,mungbean
17,67,31,20.376,30.478,7.076,197.908,pigeonpeas
6,11,36,19.822,92.06,6.155,129.856,pomegranate
15,11,14,23.272,91.872,6.15,103.313,orange
4,50,34,34.976,82.503,6.09,57.56,mungbean
88,79,49,27.998,84.77,5.818,91.386,banana
33,72,21,24.854,68.767,5.963,55.302,lentil
107,72,50,28.757,81.451,6.162,104.958,banana
24,19,6,14.75,94.153,6.096,118.063,orange
73,43,34,21.638,65.292,7.183,92.883,maize
22,145,197,22.842,90.083,6.256,121.206,apple
119,90,50,27.119,84.115,6.087,90.03,banana
32,79,34,24.657,69.771,7.413,83.886,pigeonpeas
115,35,20,25.195,81.775,6.79,81.659,cotton
16,76,32,22.241,48.258,7.295,164.556,pigeonpeas
99,51,52,24.951,81.532,6.968,295.857,rice
22,10,10,24.233,92.909,7.292,102.23,orange
30,13,7,34.629,93.999,6.54,105.106,orange
70,43,18,18.472,69.834,6.537,97.283,maize
90,53,44,24.958,89.845,7.194,194.373,jute
68,56,37,23.181,73.588,7.241,159.882,jute
0,124,204,21.904,90.402,5.354,105.083,apple
25,8,11,34.973,92.998,7.098,118.91,orange
103,26,29,23.718,64.6,6.331,142.384,coffee
31,144,199,21.086,92.561,6.384,122.165,apple
39,61,51,24.552,93.244,7.366,236.814,papaya
23,132,196,21.272,93.648,5.278,114.779,apple
10,14,42,18.327,93.777,5.901,104.535,pomegranate
31,44,19,30.177,58.331,5.1,53.235,mothbeans
39,43,29,28.171,60.741,8.092,43.166,mothbeans
7,24,13,15.33,92.509,6.48,110.608,orange
85,94,45,29.052,83.343,5.942,102.574,banana
81,39,29,23.28,62.966,6.12,170.389,coffee
17,142,203,21.18,81.044,6.416,65.75,grapes
36,5,41,21.695,94.205,6.55,113.386,pomegranate
5,20,11,17.786,92.347,7.354,102.564,orange
97,82,49,29.023,78.17,5.997,95.387,banana
35,73,16,27.453,68.493,7.31,38.884,lentil
22,67,16,18.024,60.254,7.425,64.199,lentil
39,50,47,41.346,93.297,6.928,229.074,papaya
109,25,25,26.105,54.274,6.552,183.367,coffee
112,38,32,25.207,57.139,6.269,191.616,coffee
31,57,33,23.973,24.237,6.411,97.249,kidneybeans
110,36,28,23.913,60.472,6.691,151.525,coffee
10,51,19,32.994,78.304,6.158,57.352,mungbean
95,20,26,23.967,62.238,7.235,185.866,coffee
106,17,53,28.711,92.369,6.352,26.185,muskmelon
116,19,53,28.28,91.614,6.319,21.784,muskmelon
30,39,24,26.654,42.188,3.798,69.711,mothbeans
57,64,78,21.5,19.425,6.719,70.431,chickpea
88,82,54,25.601,84.362,5.734,90.569,banana
30,51,45,35.857,94.19,6.622,155.757,papaya
34,48,23,25.196,42.407,6.117,60.737,mothbeans
57,67,24,31.845,69.204,6.931,59.268,blackgram
89,23,33,23.411,67.469,7.233,143.33,coffee
94,57,53,21.471,78.743,5.706,273.614,rice
11,130,195,22.243,90.649,5.401,114.977,apple
107,24,47,24.258,82.707,6.996,43.935,watermelon
81,59,31,25.211,57.768,6.15,92.059,maize
17,22,11,33.366,90.171,7.359,107.701,orange
119,45,22,23.734,80.982,6.71,80.502,cotton
12,52,34,27.1,63.918,8.867,45.633,mothbeans
74,48,50,21.296,78.246,6.468,266.95,rice
15,22,27,28.635,45.758,6.347,103.923,mango
19,10,35,28.027,91.861,5.432,194.235,coconut
17,46,19,31.723,84.253,6.303,50.914,mungbean
104,28,32,26.937,60.888,6.91,135.89,coffee
117,78,47,29.047,81.609,6.724,119.313,banana
9,10,53,20.374,91.021,6.764,119.709,pomegranate
13,69,19,33.053,44.776,6.114,111.596,pigeonpeas
16,72,28,22.23,57.741,5.861,95.472,pigeonpeas
94,20,49,27.135,94.26,6.159,20.965,muskmelon
18,63,18,25.893,58.435,6.242,51.949,lentil
101,17,49,26.043,86.463,6.959,44.392,watermelon
33,70,25,18.45,18.295,5.636,101.598,kidneybeans
45,68,19,28.503,61.37,6.283,78.174,blackgram
21,28,32,26.407,95.563,5.766,145.187,coconut
45,62,89,20.864,31.094,7.527,71.897,chickpea
12,144,204,23.29,94.504,5.76,110.525,apple
76,52,25,26.187,56.47,5.913,90.415,maize
91,48,36,24.071,73.097,6.098,184.832,jute
22,122,201,33.722,81.546,6.328,71.384,grapes
137,50,22,24.296,79.693,6.182,79.587,cotton
89,27,47,29.677,93.779,6.42,20.644,muskmelon
104,14,46,28.331,92.555,6.237,23.258,muskmelon
97,12,51,26.775,88.57,6.995,56.119,watermelon
5,25,42,22.09,88.9,6.623,107.078,pomegranate
28,29,26,28.014,97.993,5.024,214.65,coconut
52,64,50,31.357,93.478,6.298,59.014,papaya
108,37,32,27.339,65.111,6.585,178.215,coffee
13,74,22,18.981,69.755,7.279,48.144,lentil
17,24,34,34.996,61.337,6.382,106.603,mango
53,61,77,19.205,33.748,7.588,64.514,chickpea
26,70,33,18.655,61.098,6.374,35.69,lentil
81,36,52,21.273,78.182,7.096,220.841,rice
26,75,33,29.422,50.293,7.114,180.877,pigeonpeas
108,17,48,24.115,81.557,6.47,52.804,watermelon
119,58,16,23.256,83.893,6.871,92.602,cotton
26,57,25,21.048,69.066,7.258,61.155,lentil
118,28,48,29.11,90.34,6.871,29.681,muskmelon
98,16,48,29.594,94.965,6.732,21.165,muskmelon
94,77,53,27.264,77.459,6.778,100.249,banana
89,36,41,21.562,86.047,6.853,287.062,rice
42,78,84,18.098,27.314,7.38,69.698,chickpea
7,44,29,24.947,45.759,7.961,66.013,mothbeans
26,62,16,26.718,59.647,7.411,57.564,lentil
52,49,49,33.868,90.902,6.664,185.734,papaya
62,53,41,23.212,74.158,6.615,192.801,jute
123,60,21,25.286,76.922,6.34,75.635,cotton
118,42,24,23.114,84.16,6.458,72.464,cotton
28,73,27,29.892,56.26,7.081,62.309,blackgram
98,58,42,24.671,85.417,6.947,185.568,jute
3,58,35,33.937,79.799,6.487,51.014,mungbean
25,79,16,19.371,28.064,5.943,136.901,kidneybeans
12,39,30,33.262,58.183,5.39,103.083,mango
78,43,37,23.804,87.277,7.259,198.175,jute
92,11,47,29.303,91.81,6.456,27.482,muskmelon
69,57,51,24.117,93.094,6.746,131.599,papaya
32,46,19,32.514,77.163,6.202,66.453,mungbean
3,24,32,25.06,97.443,5.132,185.873,coconut
58,47,47,27.341,93.202,6.023,233.638,papaya
39,144,197,23.917,93.759,5.195,108.329,apple
20,28,31,32.71,60.801,4.748,110.12,mango
87,27,46,24.038,84.746,6.334,43.55,watermelon
32,53,22,31.596,53.838,6.553,36.162,mothbeans
11,24,13,26.25,91.783,6.689,118.254,orange
64,48,37,25.303,70.002,7.045,196.733,jute
37,76,31,32.854,65.803,6.007,88.166,blackgram
35,73,24,26.451,72.406,6.024,87.089,blackgram
12,44,29,29.886,61.375,7.126,67.391,mothbeans
33,78,25,21.116,62.251,7.189,66.14,lentil
96,47,52,24.018,82.041,6.381,202.124,rice
19,128,201,36.127,80.824,6.705,71.466,grapes
100,11,52,26.92,83.594,6.744,43.877,watermelon
112,24,25,25.703,51.687,7.261,134.436,coffee
40,24,13,20.774,91.384,6.677,117.611,orange
117,13,52,28.133,94.944,6.574,21.997,muskmelon
38,79,19,28.023,57.245,7.57,81.112,blackgram
116,53,18,22.532,78.269,7.933,76.894,cotton
15,59,27,32.004,74.549,6.361,40.346,mungbean
34,63,34,28.927,46.952,5.941,121.845,pigeonpeas
29,24,28,25.442,93.673,6.231,181.736,coconut
28,53,18,31.717,40.132,4.001,37.266,mothbeans
40,19,53,22.394,90.333,6.393,110.51,pomegranate
104,16,31,26.863,55.37,6.645,168.717,coffee
13,131,202,22.074,83.968,6.0,73.021,grapes
44,52,55,31.012,94.456,6.169,137.97,papaya
106,92,52,27.86,82.962,6.42,106.831,banana
134,59,18,24.234,83.892,7.629,73.224,cotton
26,16,33,29.476,91.883,5.001,205.391,coconut
33,24,31,32.271,54.504,5.326,87.517,mango
31,5,12,15.215,93.583,6.442,107.47,orange
9,15,25,25.642,98.627,6.171,218.876,coconut
67,41,24,21.955,65.455,6.022,78.643,maize
9,43,22,25.748,58.816,6.418,79.832,mothbeans
9,16,8,15.572,93.373,6.49,109.155,orange
110,6,47,24.432,87.404,6.495,44.471,watermelon
112,25,31,25.864,68.852,6.631,169.959,coffee
92,43,49,21.896,78.771,5.741,203.11,rice
13,38,28,24.8,55.488,8.451,45.889,mothbeans
80,37,16,21.888,61.446,6.151,64.566,maize
8,6,35,24.166,88.57,5.738,124.838,pomegranate
114,55,16,25.389,77.774,7.097,70.737,cotton
32,136,203,13.476,84.818,6.274,72.287,grapes
23,75,26,23.58,19.144,6.187,64.255,kidneybeans
94,15,50,27.216,90.927,6.73,29.11,muskmelon
0,30,35,33.091,63.643,5.446,93.481,mango
90,13,53,27.418,92.735,6.734,29.242,muskmelon
93,6,51,25.141,89.365,6.361,48.602,watermelon
16,50,33,28.413,53.587,8.993,53.605,mothbeans
7,28,15,28.549,94.052,6.272,117.582,orange
110,41,19,25.988,79.785,6.337,94.146,cotton
20,71,31,18.295,22.017,6.56,145.951,kidneybeans
114,18,48,29.119,91.953,6.063,26.559,muskmelon
116,28,32,25.806,50.35,7.228,142.776,coffee
115,16,52,26.448,86.229,6.607,48.586,watermelon
118,16,31,23.115,61.158,6.233,171.219,coffee
24,141,196,21.655,94.961,5.856,104.466,apple
37,38,35,33.857,63.104,5.969,91.755,mango
31,14,12,22.789,93.248,6.643,102.481,orange
32,61,25,15.44,28.355,5.818,107.176,kidneybeans
32,58,21,23.81,19.646,6.505,135.316,kidneybeans
59,57,52,42.798,94.931,6.323,134.943,papaya
34,23,47,21.88,87.908,6.231,114.583,pomegranate
8,20,28,26.635,92.603,5.179,157.111,coconut
17,13,36,24.25,89.171,6.21,114.844,pomegranate
11,65,33,21.56,60.797,6.7,67.771,lentil
88,55,40,23.658,81.758,6.385,283.22,rice
128,36,20,24.775,81.348,6.213,78.946,cotton
30,125,200,38.888,80.504,5.777,74.483,grapes
30,30,9,25.461,90.852,6.516,103.118,orange
60,55,33,24.098,58.16,6.418,77.278,maize
109,11,48,29.035,94.287,6.353,27.183,muskmelon
12,28,29,27.621,60.272,5.855,86.14,mango
89,41,53,26.017,76.063,5.976,260.277,rice
92,47,44,26.716,88.282,6.913,161.547,jute
21,58,18,30.918,58.023,6.893,82.314,blackgram
103,87,51,25.327,76.282,5.585,97.789,banana
6,21,34,27.304,98.734,6.179,140.054,coconut
15,135,199,27.648,83.467,6.622,72.031,grapes
21,25,27,26.756,94.08,6.127,140.111,coconut
29,131,198,24.522,83.804,5.872,66.525,grapes
105,75,50,28.948,78.277,5.569,113.868,banana
57,72,27,25.871,64.338,6.092,70.823,blackgram
108,55,23,22.732,81.475,6.994,69.825,cotton
30,138,205,31.89,80.487,6.111,72.415,grapes
31,75,16,24.907,23.751,6.021,110.661,kidneybeans
22,18,31,26.274,95.504,6.413,200.273,coconut
54,64,47,26.806,93.247,6.742,65.095,papaya
19,35,33,34.576,79.541,6.014,50.065,mungbean
22,42,33,30.577,49.374,7.915,52.278,mothbeans
31,56,26,22.793,70.96,7.196,50.835,lentil
38,33,28,29.225,57.872,6.021,100.835,mango
107,34,34,23.448,60.444,6.218,182.682,coffee
84,28,50,29.28,94.907,6.809,27.326,muskmelon
108,83,48,27.801,79.539,6.719,109.229,banana
107,39,17,22.43,77.388,6.617,83.186,cotton
34,144,199,18.633,80.451,5.619,72.3,grapes
66,59,51,38.524,92.671,6.071,103.619,papaya
13,26,28,31.049,54.243,4.646,107.779,mango
26,133,199,21.595,90.785,5.804,121.493,apple
21,26,54,24.521,87.518,6.827,107.142,pomegranate
16,126,199,22.689,93.214,5.499,120.242,apple
49,70,87,21.509,31.505,6.543,61.818,chickpea
26,71,16,15.338,28.16,6.729,126.822,kidneybeans
101,25,26,26.118,68.306,6.759,177.483,coffee
33,27,30,32.604,62.308,5.603,104.299,mango
94,90,53,26.79,76.772,6.498,110.911,banana
17,134,203,32.287,81.624,6.647,73.818,grapes
84,89,47,27.998,81.597,5.514,101.518,banana
34,40,30,29.699,58.558,6.481,110.309,mango
34,60,27,30.779,71.936,6.473,70.069,blackgram
18,68,16,34.91,56.479,6.634,82.369,pigeonpeas
93,58,17,25.6,59.866,6.624,86.198,maize
25,37,28,32.903,60.145,5.74,82.397,mango
95,49,17,25.613,72.023,6.199,98.156,maize
13,133,196,22.68,91.887,5.578,111.862,apple
79,49,35,22.008,81.448,6.66,258.565,rice
105,48,24,22.272,80.134,7.975,82.646,cotton
71,56,35,20.194,66.025,6.337,106.093,maize
17,124,205,25.731,84.89,5.688,67.119,grapes
91,28,27,24.985,59.547,7.257,166.925,coffee
78,38,43,26.118,79.306,6.183,183.4,jute
13,76,30,17.977,29.992,6.085,94.858,kidneybeans
0,34,33,34.431,52.493,4.977,83.655,mango
35,8,37,24.077,86.807,5.752,115.262,pomegranate
35,130,204,35.975,80.562,5.754,66.101,grapes
63,40,45,23.393,85.673,6.809,168.577,jute
17,28,45,19.04,86.278,6.854,125.246,pomegranate
18,12,12,27.377,90.733,6.438,107.685,orange
92,54,48,22.55,76.05,6.828,219.624,rice
89,58,41,26.878,85.33,7.488,158.115,jute
20,71,18,18.996,56.057,5.916,58.734,lentil
122,44,22,23.677,78.312,6.162,66.498,cotton
31,46,23,29.286,51.85,6.434,36.819,mothbeans
87,52,27,25.402,73.806,5.952,71.691,maize
78,55,44,22.961,89.36,7.491,246.692,rice
20,14,54,20.215,89.238,6.524,128.899,pomegranate
99,6,54,26.858,86.837,6.27,52.714,watermelon
100,25,50,28.744,91.72,6.215,28.307,muskmelon
73,52,41,25.272,70.029,6.29,155.423,jute
127,46,25,23.493,77.63,6.134,91.6,cotton
3,51,35,29.415,45.748,5.237,77.772,mothbeans
30,143,197,14.766,82.396,6.498,67.658,grapes
15,123,204,16.492,82.696,6.65,66.179,grapes
61,40,42,23.677,89.146,7.296,175.484,jute
40,65,47,31.49,91.792,7.375,233.436,papaya
12,77,34,19.949,19.353,6.149,119.393,kidneybeans
87,10,54,25.107,89.029,6.99,58.682,watermelon
29,55,18,33.606,83.792,6.864,66.768,mungbean
103,31,31,23.735,61.307,6.442,181.784,coffee
22,70,18,32.005,41.928,5.727,167.34,pigeonpeas
29,38,23,31.413,60.937,6.738,68.607,mothbeans
8,40,31,30.818,61.285,8.628,79.716,mothbeans
0,25,27,25.25,90.794,5.481,180.287,coconut
17,6,26,26.584,99.898,5.948,167.945,coconut
27,122,203,37.596,80.151,6.048,65.79,grapes
86,58,32,18.643,58.318,6.231,97.448,maize
19,128,200,22.095,93.927,6.471,113.293,apple
16,10,41,18.259,88.345,6.588,122.202,pomegranate
23,80,24,34.954,55.089,7.085,110.946,pigeonpeas
81,6,45,24.315,83.229,6.688,48.714,watermelon
40,80,81,20.124,24.403,7.454,99.242,chickpea
1,127,205,27.203,82.819,6.685,65.457,grapes
39,69,18,23.652,73.138,6.552,59.12,lentil
131,58,22,22.82,83.913,7.133,60.394,cotton
11,41,27,24.433,59.982,6.131,57.038,mothbeans
31,24,26,32.99,63.6,5.296,92.324,mango
29,145,197,32.506,80.219,5.788,70.505,grapes
29,71,33,32.154,57.066,6.146,72.854,blackgram
96,20,53,24.935,87.941,6.954,49.757,watermelon
84,21,52,25.268,82.94,6.403,51.881,watermelon
26,63,31,22.329,65.799,6.14,49.081,lentil
81,23,49,29.993,90.392,6.077,29.355,muskmelon
5,7,26,25.758,95.228,6.41,152.326,coconut
126,54,17,24.396,77.876,7.546,77.31,cotton
90,39,18,22.855,74.43,6.543,105.674,maize
33,55,33,29.005,54.046,5.021,110.287,pigeonpeas
30,8,28,26.38,97.063,5.68,145.476,coconut
30,27,15,11.399,92.834,6.372,105.121,orange
9,138,201,13.818,80.228,5.857,65.391,grapes
18,28,7,17.21,92.663,6.501,109.28,orange
93,76,46,25.497,76.682,5.687,97.667,banana
8,138,203,31.839,82.512,5.772,74.926,grapes
39,40,27,32.193,73.491,7.17,47.429,mungbean
28,139,197,33.125,84.754,6.735,73.803,grapes
46,58,48,34.972,90.542,6.179,212.804,papaya
82,88,51,26.503,78.953,5.66,94.19,banana
63,57,52,29.085,90.507,6.843,229.172,papaya
26,121,197,14.043,81.971,6.412,65.695,grapes
36,53,28,30.041,53.665,6.819,68.807,mothbeans
33,16,5,24.368,90.032,7.242,100.377,orange
116,30,33,23.512,53.868,6.779,197.894,coffee
36,37,31,27.486,81.16,7.407,49.558,mungbean
93,41,31,22.337,71.13,6.845,76.936,maize
37,56,25,28.067,63.029,4.475,58.928,mothbeans
4,48,16,33.682,72.595,7.31,42.073,mungbean
77,42,37,21.63,76.515,6.056,256.282,rice
39,66,46,38.161,93.197,6.469,144.41,papaya
35,37,17,24.149,52.679,3.672,59.095,mothbeans
11,129,196,14.092,83.86,5.887,69.733,grapes
13,26,31,30.201,57.252,4.663,97.117,mango
96,43,23,19.258,73.925,6.226,84.631,maize
20,33,30,34.406,63.806,6.441,94.926,mango
39,18,30,34.924,62.009,4.843,118.361,mango
108,28,28,23.65,67.65,6.507,178.834,coffee
21,30,33,30.815,47.551,4.519,100.543,mango
103,50,18,24.574,81.999,6.192,84.259,cotton
20,20,34,29.791,92.66,5.674,203.856,coconut
87,40,49,25.368,77.517,6.714,269.751,rice
5,44,25,28.565,56.679,5.796,67.393,mothbeans
47,64,90,23.547,34.092,7.707,71.618,chickpea
21,12,36,18.536,85.451,5.661,112.747,pomegranate
5,30,41,18.65,90.518,6.282,122.711,pomegranate
38,131,200,32.847,82.398,6.273,74.98,grapes
100,11,46,26.457,85.673,6.99,56.707,watermelon
98,56,27,26.557,74.991,6.741,73.476,maize
34,29,30,29.495,94.522,5.213,201.302,coconut
96,57,36,26.694,82.235,6.14,162.516,jute
78,38,44,25.1,79.705,6.712,241.371,rice
36,137,199,28.954,84.554,6.619,72.142,grapes
73,51,42,25.02,80.617,7.334,199.682,jute
11,56,28,33.914,70.382,7.301,57.729,mungbean
2,55,25,31.77,77.428,6.134,40.519,mungbean
24,139,204,22.937,90.69,5.282,105.281,apple
11,78,26,27.736,56.974,6.164,52.647,lentil
19,77,35,18.661,74.202,7.085,38.096,lentil
8,80,20,19.136,64.57,7.397,55.304,lentil
130,54,20,23.631,80.032,6.999,92.194,cotton
88,55,23,23.973,71.415,7.173,84.766,maize
52,62,48,34.967,94.38,7.419,70.289,papaya
88,60,48,20.055,87.257,6.099,259.607,rice
38,14,49,18.146,87.88,5.788,110.315,pomegranate
33,45,54,24.108,94.263,6.47,229.379,papaya
22,76,31,29.03,61.876,5.283,163.54,pigeonpeas
119,36,24,22.976,81.976,6.904,92.004,cotton
85,52,29,23.933,71.767,6.68,105.17,maize
82,56,43,25.196,81.547,7.036,164.86,jute
59,71,32,30.71,62.791,7.19,84.584,blackgram
66,46,39,25.535,71.603,7.14,173.045,jute
30,75,33,16.07,19.156,5.694,79.193,kidneybeans
24,80,23,21.903,66.451,7.174,38.502,lentil
27,56,28,20.851,63.693,6.368,63.18,lentil
27,63,25,25.649,61.791,6.845,47.717,lentil
30,57,30,28.49,45.94,7.814,69.941,mothbeans
113,55,21,22.694,82.246,7.752,85.544,cotton
37,79,26,16.696,22.569,5.68,90.113,kidneybeans
6,13,9,28.63,92.249,6.638,107.871,orange
33,133,195,19.814,83.026,6.054,65.832,grapes
34,75,35,31.293,44.364,6.361,138.162,pigeonpeas
16,29,15,14.872,94.2,6.333,100.334,orange
39,58,22,31.338,74.135,6.208,53.947,mungbean
84,42,40,23.93,78.941,6.669,287.739,rice
29,37,26,31.815,62.38,5.059,107.971,mango
113,22,35,23.579,56.08,6.832,183.505,coffee
16,58,29,33.619,63.771,5.809,82.63,pigeonpeas
82,51,39,24.874,82.416,5.988,258.727,rice
108,8,54,29.695,92.957,6.617,29.941,muskmelon
32,27,29,29.852,90.631,5.671,169.615,coconut
5,29,26,29.339,95.526,5.553,159.951,coconut
14,70,35,19.228,71.762,7.033,44.748,lentil
37,13,14,16.382,94.035,6.731,110.978,orange
18,24,30,27.498,97.634,5.47,224.914,coconut
49,68,31,26.433,72.436,7.644,87.521,blackgram
110,74,49,26.135,82.491,6.117,105.475,banana
98,25,34,26.21,53.478,6.324,164.933,coffee
60,64,18,30.626,65.394,7.264,69.7,blackgram
100,54,23,25.622,82.725,6.088,67.307,cotton
14,57,22,21.574,62.025,6.924,43.666,lentil
17,33,27,34.432,63.053,6.033,88.815,mango
3,137,196,23.587,94.018,5.018,107.976,apple
99,48,54,20.807,89.556,5.857,295.504,rice
39,22,10,24.429,94.418,7.14,102.634,orange
49,73,87,24.803,17.615,7.056,82.466,chickpea
24,71,33,15.931,24.187,5.862,153.634,kidneybeans
1,66,30,26.742,63.107,7.143,47.965,lentil
37,56,27,22.178,41.804,6.03,146.083,pigeonpeas
7,36,30,32.296,88.809,7.051,37.802,mungbean
86,85,45,29.471,83.891,5.78,114.574,banana
16,141,202,21.195,94.125,5.752,118.224,apple
117,74,55,26.651,81.298,6.284,108.235,banana
52,77,24,25.303,64.507,6.703,68.45,blackgram
84,56,39,23.381,75.284,6.501,194.42,jute
76,52,38,21.217,76.126,5.505,234.06,rice
69,45,22,21.33,69.432,6.888,88.38,maize
39,48,31,32.006,87.574,7.336,63.52,mungbean
34,63,20,22.999,64.049,6.176,183.967,pigeonpeas
27,15,47,24.659,93.37,5.731,102.432,pomegranate
2,132,197,22.051,92.796,5.339,115.721,apple
82,22,54,28.74,90.21,6.717,20.608,muskmelon
42,61,85,18.529,22.139,7.671,94.632,chickpea
36,29,39,22.909,86.688,6.102,112.867,pomegranate
28,62,34,26.393,68.857,6.933,40.372,lentil
85,54,49,24.521,82.362,7.086,191.166,rice
118,71,54,27.163,84.951,5.856,110.405,banana
19,62,17,20.679,57.442,7.066,163.625,pigeonpeas
76,43,22,20.998,58.363,6.515,65.701,maize
8,6,48,20.262,85.555,5.606,128.557,pomegranate
52,62,48,23.142,93.048,7.068,115.253,papaya
25,6,7,17.574,92.921,6.389,114.423,orange
48,78,83,23.35,25.175,6.682,68.039,chickpea
86,36,40,25.938,81.847,7.103,260.109,rice
14,135,198,20.032,80.026,6.835,66.862,grapes
27,55,26,17.747,29.73,5.522,141.316,kidneybeans
94,17,46,27.337,94.404,6.755,22.873,muskmelon
34,15,53,20.751,94.78,5.883,102.708,pomegranate
15,126,204,22.82,90.168,5.412,111.968,apple
108,17,48,26.72,82.386,6.315,41.389,watermelon
10,141,201,23.704,90.955,6.134,103.318,apple
119,85,48,27.892,84.631,6.301,102.561,banana
100,37,43,22.375,87.925,5.997,202.825,rice
24,40,32,32.423,64.447,5.887,93.282,mango
77,52,41,24.071,82.099,6.562,231.06,rice
88,75,54,28.926,78.416,6.368,110.843,banana
21,56,17,20.53,56.325,6.935,61.409,lentil
16,127,199,21.883,94.61,6.015,113.062,apple
134,54,20,22.083,80.045,6.114,65.398,cotton
35,63,54,26.189,92.217,7.008,199.723,papaya
23,39,28,24.314,54.307,3.808,42.913,mothbeans
24,59,26,18.051,74.604,5.868,51.473,lentil
17,26,49,24.137,93.202,6.737,120.954,pomegranate
22,129,197,23.955,91.846,5.438,107.883,apple
28,79,16,33.12,50.019,7.169,125.8,pigeonpeas
132,56,17,24.465,84.545,6.182,89.618,cotton
29,140,196,23.114,94.561,6.15,113.822,apple
79,56,49,22.102,79.639,6.317,228.288,rice
31,10,7,10.656,93.01,7.267,115.589,orange
93,56,47,20.847,89.758,7.065,221.664,rice
34,74,84,22.146,28.866,7.415,67.691,chickpea
69,58,45,31.08,90.138,7.358,158.307,papaya
34,120,198,22.052,91.707,5.852,117.407,apple
73,53,30,25.851,55.718,5.896,91.558,maize
31,31,34,30.181,56.723,6.302,100.741,mango
99,48,41,20.704,77.912,5.955,201.533,rice
22,58,73,18.317,21.453,7.564,73.841,chickpea
35,7,27,25.032,91.759,5.297,143.67,coconut
16,67,34,24.169,62.055,7.462,46.217,lentil
17,7,50,22.738,93.874,5.539,120.439,pomegranate
115,8,51,27.441,93.09,6.05,21.144,muskmelon
29,55,70,19.387,28.47,7.317,81.277,chickpea
46,61,72,22.885,24.981,7.08,82.467,chickpea
2,8,48,24.096,94.11,5.736,108.764,pomegranate
28,58,28,25.607,55.604,5.098,47.265,mothbeans
1,22,32,26.678,98.031,6.28,204.491,coconut
112,43,16,22.619,83.374,6.398,79.45,cotton
10,69,17,23.781,55.28,6.169,41.704,lentil
39,50,25,29.693,54.937,8.701,71.011,mothbeans
39,68,24,32.338,63.42,7.921,81.929,blackgram
48,70,17,32.297,67.58,7.974,69.347,blackgram
112,5,45,24.849,85.931,6.053,46.116,watermelon
21,135,201,40.798,83.373,6.823,70.235,grapes
17,21,36,19.116,86.364,5.888,124.106,pomegranate
39,57,33,25.884,64.449,7.483,88.416,blackgram
86,43,24,23.216,69.647,5.926,74.756,maize
34,13,9,31.635,92.426,6.254,110.505,orange
33,56,17,33.145,74.979,7.157,50.504,mungbean
31,57,30,25.573,55.85,5.983,62.757,lentil
39,66,35,25.847,67.845,6.832,68.241,blackgram
34,22,51,20.236,89.784,6.603,107.82,pomegranate
119,7,47,26.937,84.202,6.546,43.322,watermelon
32,23,32,31.39,62.496,4.836,97.851,mango
35,124,198,23.093,91.323,5.735,114.467,apple
38,58,21,24.971,64.927,7.287,53.224,lentil
135,55,22,24.596,78.02,6.489,60.655,cotton
27,128,203,19.845,80.52,6.874,71.617,grapes
2,138,197,21.421,91.578,5.339,104.706,apple
32,73,77,20.539,20.129,7.219,68.083,chickpea
113,58,21,24.799,75.074,7.566,98.172,cotton
29,38,23,28.804,62.067,6.273,49.233,mothbeans
138,39,20,25.768,83.949,6.472,92.309,cotton
26,46,19,29.255,60.098,5.073,31.68,mothbeans
91,20,48,27.192,90.899,6.766,22.761,muskmelon
109,25,46,27.38,90.903,6.044,23.497,muskmelon
18,76,25,28.802,34.955,5.076,124.696,pigeonpeas
89,38,44,23.176,89.307,7.252,211.607,rice
97,9,51,25.628,83.816,6.845,53.771,watermelon
10,142,202,12.775,80.62,6.353,65.396,grapes
108,8,45,28.811,90.605,6.097,22.043,muskmelon
39,58,21,24.473,20.41,5.908,156.457,kidneybeans
31,19,31,26.655,91.944,5.191,160.574,coconut
13,44,30,30.445,84.517,6.913,54.71,mungbean
38,64,25,28.841,70.821,7.023,87.99,blackgram
25,76,79,24.189,23.902,6.632,87.277,chickpea
84,17,49,26.515,83.908,6.491,40.439,watermelon
115,95,47,26.953,80.345,5.745,93.259,banana
5,35,28,29.502,47.898,5.492,37.739,mothbeans
39,60,89,19.569,27.918,7.862,63.578,chickpea
22,131,198,21.076,91.828,5.699,116.751,apple
36,60,17,20.175,40.346,7.021,171.55,pigeonpeas
11,56,26,22.455,68.431,5.949,52.913,lentil
97,45,47,21.082,88.948,7.229,297.145,rice
9,122,203,25.465,84.762,6.134,68.791,grapes
28,64,27,22.397,74.155,6.107,47.419,lentil
92,16,33,25.156,55.695,6.079,156.139,coffee
66,40,27,24.842,68.11,6.048,98.642,maize
69,43,42,24.465,86.432,7.178,168.766,jute
23,27,35,29.432,90.689,5.202,158.51,coconut
124,57,22,22.509,81.149,7.581,95.55,cotton
85,41,33,19.288,64.223,6.156,72.766,maize
9,120,205,8.583,82.792,6.936,74.209,grapes
17,135,196,9.732,82.036,5.96,71.333,grapes
31,60,30,23.087,18.751,5.632,147.198,kidneybeans
78,52,33,18.414,70.923,6.211,78.742,maize
53,55,53,35.199,93.136,7.333,245.618,papaya
85,84,47,28.094,80.769,5.569,107.107,banana
29,19,29,32.632,48.96,4.864,117.939,mango
37,66,21,30.166,61.158,6.219,155.724,pigeonpeas
34,8,37,22.274,92.822,6.921,124.708,pomegranate
32,25,26,25.372,93.734,5.231,206.138,coconut
6,143,195,22.523,80.737,6.483,67.259,grapes
33,71,31,30.327,63.016,6.827,74.835,blackgram
30,69,74,24.783,20.952,6.934,68.291,chickpea
34,59,20,19.253,57.604,5.934,59.179,lentil
84,41,18,22.958,66.045,5.93,109.613,maize
30,16,40,23.612,89.134,6.114,113.763,pomegranate
37,59,78,23.035,24.47,7.774,72.029,chickpea
82,49,40,24.961,75.025,7.351,244.614,rice
28,63,23,17.918,22.654,5.61,150.114,kidneybeans
30,22,12,16.127,93.448,6.684,100.805,orange
78,50,17,24.316,72.056,6.711,98.448,maize
111,23,30,24.977,58.707,7.186,123.709,coffee
79,38,43,26.583,85.16,7.306,253.862,rice
23,62,28,28.204,37.987,5.064,100.5,pigeonpeas
23,72,74,18.125,21.472,6.872,70.431,chickpea
11,53,30,28.862,73.014,6.74,46.967,mungbean
26,69,33,25.369,57.832,7.308,68.849,blackgram
82,36,37,25.668,73.849,6.792,167.213,jute
14,20,25,32.4,49.323,5.893,113.46,mango
110,36,33,27.152,54.444,7.411,163.695,coffee
108,53,16,22.406,83.173,6.357,64.965,cotton
44,76,29,31.163,61.249,7.635,78.516,blackgram
31,78,19,27.012,58.696,6.398,38.177,lentil
24,62,32,18.273,24.637,5.51,80.067,kidneybeans
19,47,19,25.29,60.834,3.623,32.157,mothbeans
30,60,83,24.378,31.943,6.639,88.983,chickpea
40,56,73,19.664,24.475,7.185,84.25,chickpea
37,16,48,18.83,92.136,5.786,125.858,pomegranate
15,72,22,19.518,44.211,6.861,116.85,pigeonpeas
70,56,26,24.545,65.555,5.956,74.405,maize
88,50,43,24.086,82.842,7.369,204.511,rice
96,71,54,25.116,79.37,6.039,115.789,banana
24,17,26,27.88,55.967,4.632,105.607,mango
102,8,46,28.283,91.881,6.071,20.781,muskmelon
57,77,70,21.544,17.146,7.974,71.382,chickpea
53,56,18,31.533,55.734,7.708,76.68,blackgram
4,8,12,18.114,93.876,6.621,103.035,orange
31,48,51,35.803,91.529,7.488,201.856,papaya
39,21,32,25.096,93.807,6.357,166.102,coconut
1,25,32,25.864,95.929,5.276,139.01,coconut
81,27,29,24.408,53.246,7.071,155.922,coffee
89,49,39,24.125,87.141,5.513,276.698,rice
103,14,51,24.193,81.672,6.034,50.227,watermelon
26,123,202,21.81,90.425,5.111,118.053,apple
120,55,20,23.288,79.99,7.231,93.529,cotton
65,59,18,26.699,72.203,6.814,108.997,maize
31,66,33,32.699,61.468,6.324,52.96,blackgram
12,27,7,16.882,92.806,6.463,108.801,orange
121,36,19,25.194,79.603,7.244,71.397,cotton
55,61,29,28.943,61.363,6.766,65.263,blackgram
38,62,54,23.1,91.202,7.22,214.574,papaya
39,57,17,16.335,27.84,5.597,116.782,kidneybeans
12,127,197,33.093,82.844,5.826,68.048,grapes
60,63,55,39.872,91.318,6.555,229.011,papaya
60,69,80,24.508,32.021,7.202,67.712,chickpea
25,59,23,28.014,69.923,7.505,71.301,blackgram
29,37,17,26.276,60.744,8.533,47.405,mothbeans
6,133,203,16.041,83.392,6.013,74.764,grapes
13,64,26,15.561,18.113,5.723,109.986,kidneybeans
44,70,50,42.308,90.766,6.805,115.628,papaya
10,37,31,29.587,88.483,6.134,58.511,mungbean
91,54,41,25.877,89.768,6.469,183.609,jute
8,10,6,33.557,91.128,6.123,101.896,orange
75,54,46,25.45,82.955,5.501,218.899,rice
21,6,10,28.151,91.465,6.598,116.446,orange
37,67,89,24.533,28.427,7.679,72.749,chickpea
85,72,49,26.758,80.84,6.105,108.634,banana
8,123,196,28.508,84.233,5.542,67.822,grapes
5,77,29,23.927,61.519,6.138,58.69,lentil
84,12,50,24.994,80.609,6.74,53.488,watermelon
61,50,49,32.84,94.34,6.196,235.563,papaya
69,56,51,41.169,91.401,7.086,97.932,papaya
37,46,16,25.774,42.001,3.708,49.216,mothbeans
126,50,23,25.384,84.792,6.729,90.428,cotton
49,63,71,21.368,31.27,6.763,91.166,chickpea
24,72,22,15.633,24.413,5.783,102.964,kidneybeans
26,41,32,27.388,49.141,5.016,64.03,mothbeans
38,144,198,23.297,94.007,5.688,104.134,apple
100,54,42,25.736,72.659,6.327,197.97,jute
32,70,79,22.518,22.031,6.564,94.801,chickpea
120,92,54,25.327,76.444,6.701,113.847,banana
30,139,198,23.014,93.023,6.365,116.955,apple
10,42,28,28.05,86.77,6.043,58.224,mungbean
103,56,18,23.931,75.661,6.937,99.248,cotton
95,20,29,27.126,69.591,6.477,157.418,coffee
25,28,42,22.79,89.582,5.515,103.996,pomegranate
31,55,25,16.327,20.714,6.384,60.929,kidneybeans
29,23,27,28.994,92.825,6.186,170.184,coconut
81,19,30,24.602,64.903,6.15,134.041,coffee
91,86,48,29.581,81.98,6.439,96.518,banana
29,77,24,22.509,39.982,5.169,110.799,pigeonpeas
28,44,32,30.932,72.75,6.29,36.128,mungbean
56,72,20,29.67,73.724,7.278,86.908,blackgram
39,65,29,19.527,67.439,5.964,37.678,lentil
13,19,10,18.598,93.144,7.225,111.544,orange
16,28,28,32.571,48.902,6.213,95.751,mango
28,35,19,31.648,76.509,6.919,44.09,mungbean
93,59,39,20.143,77.286,5.752,260.335,rice
30,8,29,26.897,91.705,5.03,195.372,coconut
46,50,53,24.481,94.817,6.414,227.454,papaya
109,46,20,23.865,79.652,7.765,78.532,cotton
6,142,195,33.539,82.516,5.516,73.327,grapes
34,56,16,33.342,47.737,5.322,188.609,pigeonpeas
18,51,34,25.077,52.471,6.417,32.429,mothbeans
17,67,32,25.871,71.808,6.711,45.057,lentil
8,137,200,23.49,93.971,5.136,119.335,apple
111,87,47,27.25,80.584,5.987,107.325,banana
2,131,197,23.409,92.436,6.123,113.677,apple
95,27,32,24.319,55.673,7.469,129.576,coffee
35,65,30,34.123,66.31,7.319,56.004,blackgram
86,25,52,29.968,91.053,6.519,25.751,muskmelon
60,65,87,24.254,22.513,7.524,86.472,chickpea
35,28,42,23.01,93.214,5.532,129.004,pomegranate
120,21,31,24.629,63.251,7.362,172.015,coffee
83,27,51,28.11,93.247,6.379,24.386,muskmelon
23,144,198,11.075,84.974,5.773,68.85,grapes
136,38,23,23.18,81.871,6.723,81.711,cotton
96,53,41,20.071,89.221,5.671,266.409,rice
131,53,21,22.269,84.681,7.866,75.117,cotton
76,50,44,24.151,74.981,7.284,156.232,jute
35,75,84,24.622,17.856,7.411,91.252,chickpea
15,70,22,19.753,66.176,5.914,59.827,lentil
124,45,17,22.401,75.82,7.425,77.701,cotton
33,28,31,25.909,98.94,6.455,219.927,coconut
40,79,74,19.823,16.011,7.242,95.294,chickpea
71,45,22,23.381,70.785,6.706,63.296,maize
107,23,45,26.936,88.563,6.659,42.833,watermelon
37,127,203,23.604,92.922,5.459,115.613,apple
15,137,197,22.011,94.671,5.885,104.94,apple
28,142,203,23.485,83.539,6.288,68.034,grapes
26,15,10,33.783,91.374,6.971,106.465,orange
68,49,34,21.943,68.965,5.97,108.657,maize
33,70,83,19.565,21.035,6.715,86.408,chickpea
108,16,53,26.901,81.214,6.374,52.36,watermelon
31,65,46,32.659,93.553,6.812,87.667,papaya
9,22,38,21.467,91.296,6.287,108.721,pomegranate
37,65,25,19.454,64.161,6.344,35.15,lentil
101,30,34,24.946,69.969,6.175,198.372,coffee
119,14,47,28.31,90.29,6.232,25.886,muskmelon
13,25,8,32.221,90.171,7.308,118.272,orange
36,75,77,24.512,30.099,6.799,80.365,chickpea
17,71,27,16.955,19.284,5.896,154.882,kidneybeans
28,78,34,21.755,52.622,7.342,96.877,pigeonpeas
51,67,80,20.99,21.171,6.535,97.809,chickpea
37,69,16,24.288,21.774,6.75,118.704,kidneybeans
89,12,50,29.669,93.914,6.061,27.718,muskmelon
16,77,33,19.755,18.559,5.597,152.558,kidneybeans
25,136,202,16.324,84.106,5.512,73.531,grapes
98,55,48,24.628,89.005,6.35,245.347,rice
34,57,32,22.892,74.913,6.806,64.295,lentil
78,39,43,24.78,76.315,6.909,196.311,jute
45,61,87,18.278,21.549,7.367,72.509,chickpea
39,139,203,11.619,83.729,6.073,71.538,grapes
92,39,24,21.698,68.527,6.133,82.21,maize
92,80,46,28.179,77.035,6.758,101.199,banana
19,124,202,15.687,81.977,5.949,69.283,grapes
96,22,46,28.251,92.124,6.028,24.571,muskmelon
54,60,53,43.036,92.878,6.176,200.446,papaya
94,36,15,26.29,72.242,6.606,88.67,maize
114,22,30,25.036,64.943,7.244,170.438,coffee
7,65,26,18.422,71.525,7.219,45.637,lentil
18,18,30,28.486,93.882,6.387,192.102,coconut
76,59,53,22.203,84.832,6.291,289.746,rice
30,62,35,18.528,46.176,6.131,169.769,pigeonpeas
2,126,196,12.85,83.137,5.52,74.664,grapes
68,52,26,20.102,70.511,5.861,97.235,maize
32,58,26,17.382,23.904,5.578,159.696,kidneybeans
111,85,53,28.127,80.789,5.611,91.821,banana
1,121,204,21.308,91.99,5.727,103.924,apple
103,38,26,26.889,50.455,7.405,173.971,coffee
11,37,24,31.942,61.683,4.438,71.518,mothbeans
36,6,36,21.014,91.176,5.681,106.723,pomegranate
22,56,29,20.938,38.589,5.468,113.583,pigeonpeas
23,14,35,28.837,91.476,6.009,214.496,coconut
77,47,45,23.593,87.684,6.36,180.196,jute
106,47,15,25.75,76.182,6.471,95.164,cotton
91,12,46,25.676,88.729,6.659,54.705,watermelon
48,78,35,27.872,67.177,6.633,71.016,blackgram
12,133,200,23.65,94.211,6.433,123.637,apple
28,126,201,32.031,80.916,6.979,72.985,grapes
114,51,18,23.719,77.305,7.237,82.825,cotton
70,60,51,30.614,94.347,6.997,215.709,papaya
28,70,27,18.479,28.146,6.303,141.374,kidneybeans
25,22,29,25.609,91.294,5.423,198.852,coconut
84,21,51,25.234,84.964,6.752,58.545,watermelon
52,64,49,36.524,91.068,6.212,62.817,papaya
28,137,198,21.097,94.261,6.452,115.785,apple
94,57,35,25.156,79.983,7.362,276.268,rice
71,54,24,22.806,61.189,6.932,83.451,maize
39,23,33,28.685,59.653,6.121,108.016,mango
105,5,46,28.129,94.716,6.673,22.653,muskmelon
15,64,30,27.3,65.925,5.233,151.284,pigeonpeas
18,68,25,20.805,24.903,6.08,99.113,kidneybeans
40,58,49,40.562,94.915,6.125,61.238,papaya
83,33,26,25.039,53.544,6.944,135.672,coffee
99,55,22,25.116,55.278,6.551,82.739,maize
37,6,42,22.963,89.852,6.239,125.375,pomegranate
53,57,89,22.139,23.999,7.52,73.781,chickpea
29,60,27,31.141,89.868,6.453,45.512,mungbean
38,26,33,34.408,46.921,6.448,87.185,mango
36,26,13,29.577,92.621,6.343,104.051,orange
5,34,31,33.441,61.996,5.919,98.301,mango
18,15,7,19.513,94.072,6.139,103.502,orange
72,40,18,20.3,61.562,5.811,97.351,maize
133,48,19,23.056,79.238,7.318,90.733,cotton
57,56,29,26.305,58.445,6.1,62.293,blackgram
15,28,32,27.704,93.207,5.959,168.665,coconut
34,43,25,34.8,80.812,6.409,50.57,mungbean
14,46,27,25.839,49.637,4.097,40.117,mothbeans
91,41,43,24.702,79.5,6.132,270.224,rice
13,71,20,31.877,66.69,5.14,199.567,pigeonpeas
78,55,46,23.384,81.534,6.962,212.207,rice
1,144,199,21.491,93.412,6.251,111.623,apple
86,58,40,26.083,77.746,6.964,159.956,jute
28,19,11,29.033,90.74,6.433,104.42,orange
29,125,201,23.994,94.697,5.574,104.475,apple
111,49,19,22.261,77.628,7.897,74.306,cotton
30,20,10,14.413,92.536,6.771,119.029,orange
66,48,26,25.133,58.4,5.911,103.542,maize
30,56,30,27.249,58.518,7.135,51.977,lentil
109,77,54,27.282,82.003,6.425,98.923,banana
87,14,49,25.426,86.888,6.161,53.934,watermelon
1,27,32,29.797,98.764,6.065,198.293,coconut
22,73,17,20.366,25.393,5.861,90.991,kidneybeans
31,63,24,26.177,57.986,6.547,50.61,blackgram
103,86,48,27.105,82.246,6.078,97.295,banana
111,30,32,25.143,63.615,7.492,156.286,coffee
32,56,33,32.494,69.539,7.127,52.457,blackgram
100,6,48,28.153,94.136,6.084,22.791,muskmelon
87,34,32,27.661,53.558,7.418,151.126,coffee
25,132,202,22.7,91.162,6.151,106.301,apple
88,20,51,29.006,91.018,6.81,28.933,muskmelon
28,67,16,34.022,36.6,7.224,98.852,pigeonpeas
107,26,48,27.933,94.946,6.006,24.85,muskmelon
27,70,29,34.793,55.032,6.048,75.018,blackgram
2,80,23,20.259,69.858,5.956,64.547,lentil
6,39,33,30.999,54.116,5.703,85.835,mango
100,79,48,29.523,82.07,5.772,95.883,banana
116,87,49,29.476,82.033,6.491,106.144,banana
45,62,48,38.665,92.817,6.234,124.394,papaya
21,17,53,21.335,90.631,6.135,122.695,pomegranate
97,21,47,29.456,93.287,6.171,27.417,muskmelon
9,29,33,27.082,90.13,5.462,145.067,coconut
64,57,40,24.241,78.074,6.094,197.858,jute
5,28,28,26.196,96.448,5.837,134.986,coconut
18,32,28,31.817,64.036,6.183,80.493,mango
23,129,199,22.765,90.169,6.052,115.737,apple
0,50,26,31.576,47.617,7.616,75.177,mothbeans
70,48,40,26.82,83.3,6.895,195.154,rice
73,55,54,20.757,75.385,6.124,261.282,rice
68,51,43,25.991,71.338,7.49,161.338,jute
21,67,26,18.677,21.061,5.634,117.391,kidneybeans
15,23,29,27.048,62.397,4.64,87.699,mango
97,47,17,25.489,64.968,6.803,85.444,maize
38,67,52,28.725,93.451,6.624,126.864,papaya
94,7,53,29.182,91.636,6.507,22.761,muskmelon
15,14,8,33.62,90.792,6.951,109.506,orange
97,12,49,28.752,93.189,6.484,26.569,muskmelon
35,70,31,24.38,67.231,6.089,68.955,lentil
88,38,44,23.925,87.331,6.307,170.618,jute
7,27,5,33.674,91.712,6.464,104.486,orange
38,75,84,20.168,31.329,7.619,83.132,chickpea
44,55,80,18.936,17.872,7.144,84.592,chickpea
37,145,201,22.471,92.367,6.312,118.765,apple
118,18,48,26.037,88.88,6.391,48.346,watermelon
27,24,11,18.866,94.402,7.301,103.052,orange
84,46,39,23.312,88.518,7.092,200.363,rice
81,30,32,26.312,60.846,7.463,167.858,coffee
29,74,89,19.416,29.458,6.517,86.147,chickpea
20,68,29,19.619,56.469,5.621,121.49,pigeonpeas
127,48,22,25.341,80.898,7.365,92.248,cotton
36,25,31,31.995,62.367,4.832,91.725,mango
39,28,29,31.355,53.461,6.39,80.003,mango
72,37,39,25.475,70.63,7.089,186.203,jute
27,25,30,26.627,98.365,5.56,219.008,coconut
6,11,11,13.199,90.779,7.043,115.246,orange
74,45,43,23.414,80.248,7.218,160.618,jute
85,88,54,25.59,77.126,6.115,112.395,banana
14,29,30,25.137,90.387,5.731,216.058,coconut
46,69,83,23.136,23.332,7.458,79.922,chickpea
117,24,46,27.102,92.157,6.69,29.899,muskmelon
82,80,48,27.064,78.242,5.988,114.832,banana
120,89,52,29.562,75.085,5.889,114.669,banana
15,133,197,23.107,91.735,6.216,119.907,apple
5,22,39,19.275,88.93,5.625,126.303,pomegranate
20,143,203,21.221,80.549,5.662,65.212,grapes
116,10,45,25.986,84.526,6.266,58.539,watermelon
9,46,26,28.958,51.828,7.114,65.796,mothbeans
7,48,24,34.411,70.43,6.371,53.53,mungbean
80,57,32,20.486,70.8,6.381,106.712,maize
29,57,30,21.576,22.26,6.341,64.43,kidneybeans
87,49,35,21.228,62.963,6.066,66.108,maize
23,10,54,23.195,89.673,6.906,115.982,pomegranate
35,74,29,19.895,24.929,5.849,101.423,kidneybeans
66,55,43,25.993,80.486,6.306,155.521,jute
31,73,18,24.53,24.276,6.518,132.077,kidneybeans
87,56,47,26.032,83.66,6.909,185.499,rice
4,63,16,26.012,64.505,6.157,62.848,lentil
3,33,35,32.574,48.853,5.244,106.293,mango
37,54,52,42.124,90.493,7.425,227.395,papaya
68,49,51,34.739,90.288,6.521,222.191,papaya
18,10,11,23.647,90.589,6.419,115.37,orange
29,143,196,22.246,84.657,6.256,65.219,grapes
24,26,48,24.586,91.907,6.683,107.19,pomegranate
14,80,18,20.305,18.102,6.345,104.01,kidneybeans
46,67,81,23.777,23.619,7.824,89.1,chickpea
21,21,29,25.775,98.228,6.222,172.607,coconut
101,6,50,28.573,92.205,6.269,28.36,muskmelon
3,126,204,40.993,80.501,6.29,72.268,grapes
85,75,53,27.93,79.93,6.478,101.551,banana
30,131,195,23.851,91.284,5.979,122.073,apple
30,21,6,26.196,91.699,6.792,113.852,orange
20,23,32,27.289,93.908,6.131,217.478,coconut
28,42,30,24.258,60.351,4.064,73.402,mothbeans
65,69,51,33.457,90.636,7.493,138.481,papaya
22,35,16,29.363,59.34,8.257,51.21,mothbeans
1,49,21,28.214,87.944,6.985,38.073,mungbean
119,54,22,22.611,84.322,6.491,60.35,cotton
92,40,48,21.848,82.328,7.311,281.532,rice
21,53,16,25.313,43.511,7.443,66.078,mothbeans
21,35,32,25.986,42.325,7.205,71.054,mothbeans
11,60,31,24.852,74.371,6.607,41.171,lentil
1,8,9,19.908,92.432,6.072,110.568,orange
38,72,26,22.907,22.314,6.664,113.691,kidneybeans
20,61,30,33.654,65.881,5.051,178.086,pigeonpeas
116,90,50,28.6,81.057,6.491,105.143,banana
2,24,33,27.29,90.802,5.827,142.412,coconut
29,133,198,22.389,94.681,6.391,118.003,apple
92,37,37,25.594,81.38,7.3,181.542,jute
107,39,18,23.507,75.829,6.164,91.848,cotton
91,27,48,26.515,87.951,6.415,44.831,watermelon
112,5,53,27.077,91.016,6.942,25.712,muskmelon
83,72,54,27.381,79.462,5.98,105.788,banana
33,72,81,19.51,18.464,7.868,73.693,chickpea
35,71,25,24.942,57.392,6.671,55.134,lentil
18,49,21,24.539,42.455,7.491,54.36,mothbeans
38,36,31,27.571,79.403,6.288,64.454,mungbean
15,23,29,34.011,59.553,4.678,105.447,mango
9,54,34,29.033,89.233,6.671,48.898,mungbean
27,69,19,34.796,65.265,6.231,117.086,pigeonpeas
32,31,32,34.176,52.812,5.117,82.097,mango
22,11,30,28.619,94.329,6.421,145.183,coconut
66,57,51,43.944,94.6,7.407,235.007,papaya
32,20,33,27.158,56.121,5.573,112.488,mango
14,28,13,15.252,90.486,6.963,101.481,orange
39,36,19,29.147,50.082,4.792,52.955,mothbeans
90,19,50,29.206,91.785,6.915,22.203,muskmelon
43,67,27,29.629,66.102,7.644,57.047,blackgram
99,29,48,25.654,82.943,6.745,49.916,watermelon
24,48,19,29.318,77.886,6.198,37.889,mungbean
16,63,24,17.624,28.352,6.186,123.911,kidneybeans
8,13,27,29.359,93.125,6.374,222.39,coconut
35,58,29,20.001,34.561,5.266,103.838,pigeonpeas
28,78,81,23.204,22.613,7.3,74.37,chickpea
33,35,25,30.051,62.081,6.018,116.861,mango
100,49,20,22.369,84.701,7.616,85.919,cotton
29,63,28,29.262,40.799,6.514,96.46,pigeonpeas
21,51,21,29.777,80.793,7.207,50.465,mungbean
95,14,55,26.915,85.768,6.014,56.276,watermelon
87,29,32,25.457,64.625,6.91,138.709,coffee
87,46,37,25.54,74.136,6.53,193.498,jute
64,69,47,36.038,90.909,6.328,112.502,papaya
119,35,28,24.187,67.257,7.369,178.933,coffee
17,44,21,31.751,70.484,6.457,69.568,mungbean
39,29,10,17.98,94.872,6.706,103.263,orange
5,74,29,23.571,55.812,6.358,39.05,lentil
29,128,203,21.926,92.049,5.859,104.163,apple
39,72,83,23.492,16.262,7.664,78.307,chickpea
35,64,31,15.416,26.628,6.21,158.978,kidneybeans
17,9,34,25.96,92.802,5.781,217.013,coconut
18,57,16,24.413,66.669,6.178,67.748,lentil
28,139,203,22.637,91.565,5.978,108.046,apple
20,69,34,28.025,52.144,7.102,178.209,pigeonpeas
92,30,32,23.843,61.576,6.072,189.13,coffee
32,24,34,26.001,95.702,6.121,209.128,coconut
15,33,32,30.053,57.842,5.624,114.246,mango
1,29,31,29.19,59.907,6.089,87.244,mango
20,58,15,18.083,22.319,5.851,73.251,kidneybeans
21,73,28,16.66,19.671,5.769,80.694,kidneybeans
119,42,21,24.15,76.463,7.212,70.101,cotton
5,49,25,32.218,73.922,6.924,60.748,mungbean
77,40,35,21.714,82.127,7.199,188.739,rice
135,38,24,25.442,83.012,6.377,78.99,cotton
62,66,51,33.978,94.701,7.22,171.905,papaya
23,66,27,18.093,26.9,6.463,71.944,kidneybeans
33,30,29,28.228,64.849,5.367,81.036,mango
84,37,32,27.13,68.457,7.385,198.559,coffee
5,32,27,28.693,60.065,5.819,83.577,mango
30,11,35,25.172,93.098,6.166,211.191,coconut
24,77,31,28.592,50.902,6.049,129.733,pigeonpeas
100,28,34,23.376,66.679,6.959,190.255,coffee
117,21,51,28.347,92.094,6.569,28.268,muskmelon
3,15,8,27.899,90.605,7.165,112.942,orange
26,9,52,24.747,89.858,5.53,125.788,pomegranate
35,63,16,25.837,36.72,6.435,178.602,pigeonpeas
91,39,27,25.269,51.784,6.199,194.511,coffee
103,5,48,28.935,94.466,6.62,20.426,muskmelon
16,14,54,21.917,90.805,5.89,115.112,pomegranate
86,42,26,24.172,69.893,5.869,90.32,maize
21,79,22,15.025,27.29,6.453,133.093,kidneybeans
12,20,44,22.692,91.238,5.898,129.002,pomegranate
119,19,34,24.108,63.892,6.515,168.635,coffee
27,71,82,23.729,17.956,7.521,61.263,chickpea
25,16,50,19.264,85.186,6.555,125.881,pomegranate
111,27,54,27.047,90.604,6.263,25.546,muskmelon
18,57,26,21.0,25.291,6.513,129.048,kidneybeans
46,58,51,26.568,94.664,6.556,70.132,papaya
10,22,29,32.085,50.437,6.063,83.201,mango
82,45,19,21.256,70.129,6.676,98.0,maize
25,75,22,18.046,59.713,6.0,53.557,lentil
33,58,77,24.116,29.866,7.842,75.466,chickpea
87,13,47,27.876,92.425,6.797,23.922,muskmelon
12,79,18,25.072,53.63,7.006,161.407,pigeonpeas
1,35,31,32.411,58.949,5.791,90.453,mango
104,27,54,24.224,88.927,6.422,55.124,watermelon
84,54,44,23.965,79.52,6.416,158.352,jute
30,66,33,26.489,67.807,7.866,76.584,blackgram
10,7,42,24.631,86.174,6.578,113.055,pomegranate
15,139,197,23.244,90.831,5.656,124.298,apple
111,14,48,25.789,87.339,6.094,50.065,watermelon
37,49,53,23.637,90.194,6.806,241.187,papaya
33,131,196,21.575,91.305,5.455,112.851,apple
38,26,9,31.195,91.503,7.5,101.689,orange
84,76,48,25.272,78.336,6.532,118.306,banana
105,38,19,22.597,75.734,7.541,87.509,cotton
26,126,199,24.901,82.669,6.299,73.214,grapes
28,62,83,21.823,32.472,6.782,90.468,chickpea
85,16,28,23.355,52.463,6.789,181.749,coffee
78,43,46,20.969,78.469,6.888,264.77,rice
118,60,21,23.108,80.675,6.398,62.04,cotton
2,37,27,30.9,52.836,6.469,106.37,mango
40,62,54,31.88,92.853,7.296,171.5,papaya
34,73,17,16.542,26.54,6.324,133.966,kidneybeans
24,78,28,33.355,74.01,7.276,78.323,blackgram
21,65,85,23.127,34.567,7.469,76.814,chickpea
21,12,43,22.766,90.536,5.956,122.281,pomegranate
14,45,28,28.1,44.024,4.714,71.737,mothbeans
4,140,197,27.964,81.911,6.38,73.52,grapes
39,39,33,27.133,52.204,4.592,112.302,mango
37,75,26,27.362,68.252,6.156,87.235,blackgram
65,40,41,23.48,83.42,6.199,152.01,jute
2,57,19,28.111,63.705,4.421,77.814,mothbeans
9,56,15,33.576,83.794,6.414,54.378,mungbean
92,56,37,24.182,85.451,6.697,154.551,jute
18,18,50,18.695,91.471,6.002,104.133,pomegranate
25,76,31,34.99,63.281,6.668,72.417,blackgram
93,33,29,24.109,52.828,6.153,127.566,coffee
32,71,18,19.117,26.239,6.618,68.669,kidneybeans
38,5,5,26.922,94.335,7.493,117.243,orange
20,72,16,15.996,27.407,6.097,72.424,kidneybeans
13,22,49,22.993,92.085,6.604,107.687,pomegranate
92,16,47,25.514,89.141,6.219,47.273,watermelon
63,57,32,23.535,65.141,6.448,87.716,maize
116,28,54,29.431,92.955,6.757,23.409,muskmelon
92,75,51,28.828,75.439,5.539,95.935,banana
11,57,22,22.862,65.534,6.009,59.844,lentil
39,26,39,22.54,91.497,6.154,118.782,pomegranate
33,138,199,22.182,90.358,5.732,118.511,apple
15,59,26,24.585,20.782,6.027,78.445,kidneybeans
106,72,46,27.593,76.718,6.618,102.326,banana
76,43,52,26.768,79.187,6.783,227.961,rice
36,57,27,27.447,65.947,7.24,72.302,blackgram
26,29,41,23.121,92.343,6.936,117.075,pomegranate
23,20,29,29.042,63.262,5.944,100.384,mango
85,18,53,28.223,92.924,6.138,22.603,muskmelon
25,57,20,21.72,51.058,5.002,190.148,pigeonpeas
27,79,24,22.084,23.261,5.879,129.284,kidneybeans
104,83,49,26.318,79.988,6.05,103.202,banana
104,31,27,24.084,58.1,6.485,138.057,coffee
16,78,23,23.558,69.205,7.084,39.792,lentil
32,46,32,27.577,42.968,6.236,62.669,mothbeans
114,93,45,28.387,78.789,6.524,93.329,banana
73,50,18,21.148,74.354,6.778,79.598,maize
31,27,25,25.067,98.07,6.305,188.659,coconut
85,39,53,26.094,79.477,6.778,253.076,rice
79,47,39,25.168,75.286,6.886,178.06,jute
58,66,33,33.584,61.699,6.534,53.931,blackgram
74,52,28,25.666,72.047,7.003,79.0,maize
73,54,18,21.39,58.245,6.964,98.555,maize
25,125,197,33.364,82.796,6.763,73.166,grapes
7,53,23,30.027,75.26,6.633,43.385,mungbean
13,144,195,20.126,81.412,6.097,66.949,grapes
99,57,35,25.045,85.226,6.574,212.019,rice
116,15,45,24.46,83.744,6.817,56.401,watermelon
37,55,48,37.855,91.753,7.209,228.114,papaya
69,62,54,43.499,93.319,6.22,133.43,papaya
57,79,72,24.997,24.578,6.864,84.176,chickpea
72,54,38,26.218,81.724,6.943,183.492,jute
12,62,18,21.391,65.386,6.315,155.691,pigeonpeas
51,55,81,24.433,23.138,7.903,95.136,chickpea
79,41,26,23.173,74.854,6.213,108.897,maize
58,59,53,30.892,92.595,7.388,120.343,papaya
25,78,19,23.043,29.777,6.74,66.893,kidneybeans
43,59,77,21.163,17.325,6.808,83.326,chickpea
32,125,201,21.937,91.619,5.769,100.586,apple
47,79,77,23.105,26.478,7.294,75.921,chickpea
4,16,5,30.085,92.002,7.286,107.094,orange
19,17,8,26.942,93.52,6.383,114.953,orange
120,28,27,24.953,67.691,6.133,189.699,coffee
108,25,34,24.18,58.102,7.17,131.724,coffee
12,64,21,20.388,21.884,6.415,88.933,kidneybeans
17,12,14,15.431,91.777,6.206,117.978,orange
24,14,6,25.991,91.38,6.554,118.472,orange
11,62,18,28.347,57.746,5.097,186.749,pigeonpeas
116,29,26,25.025,55.215,7.027,193.28,coffee
98,36,22,21.99,74.011,6.998,64.968,maize
117,36,24,25.588,84.227,6.591,62.125,cotton
116,44,19,23.964,82.242,7.818,63.578,cotton
21,69,17,26.151,64.562,6.627,162.459,pigeonpeas
16,38,16,26.354,63.675,7.916,77.835,mothbeans
52,70,24,26.798,65.188,7.104,68.002,blackgram
39,9,28,28.163,97.448,6.277,184.501,coconut
31,62,27,15.848,19.607,5.653,90.538,kidneybeans
88,8,55,27.692,93.71,6.211,23.724,muskmelon
20,130,199,22.64,90.542,5.336,124.38,apple
60,41,43,26.178,88.887,7.448,155.669,jute
115,89,46,26.543,78.429,5.979,90.242,banana
71,42,37,26.076,79.465,7.144,153.265,jute
35,69,16,32.034,71.415,6.718,84.45,blackgram
43,74,74,23.849,32.941,7.74,80.611,chickpea
89,55,43,20.445,80.724,7.492,243.494,rice
11,127,196,23.391,92.937,6.149,108.254,apple
40,61,29,23.479,25.845,6.616,135.959,kidneybeans
34,64,22,20.847,62.027,7.462,65.601,lentil
84,16,51,24.098,82.899,6.421,44.458,watermelon
36,19,34,30.117,51.903,5.983,118.72,mango
20,28,26,26.194,93.066,5.673,171.13,coconut
19,5,30,25.478,97.502,5.935,137.724,coconut
67,53,49,43.12,90.672,7.29,247.114,papaya
4,29,49,18.984,86.119,6.602,127.988,pomegranate
66,53,43,26.475,76.502,6.617,182.976,jute
35,55,26,29.554,64.151,6.597,68.498,mothbeans
76,46,45,26.21,75.473,7.222,177.327,jute
33,138,200,21.146,91.409,5.182,112.241,apple
31,122,196,23.289,90.668,6.16,122.451,apple
32,28,31,28.777,52.906,5.577,98.424,mango
6,142,204,17.195,83.953,6.464,67.49,grapes
30,18,29,33.827,64.081,5.654,80.067,mango
37,68,23,21.057,42.755,5.548,187.492,pigeonpeas
46,57,31,33.873,73.065,7.272,50.007,blackgram
34,69,51,42.93,91.937,6.611,186.247,papaya
39,74,16,21.531,64.119,6.083,67.345,lentil
61,57,26,26.237,59.427,5.889,101.193,maize
102,48,16,23.754,79.875,7.527,61.446,cotton
92,7,51,25.885,85.458,6.376,57.518,watermelon
117,7,49,26.227,81.305,6.454,52.63,watermelon
74,41,42,24.118,78.452,5.94,188.519,rice
19,71,33,22.172,64.838,6.969,43.566,lentil
21,70,84,17.389,29.811,7.103,69.374,chickpea
97,40,36,24.071,70.94,6.184,169.584,jute
117,10,45,24.069,85.117,6.152,57.337,watermelon
25,74,17,28.446,55.34,6.008,195.839,pigeonpeas
22,49,20,26.069,49.701,6.966,51.651,mothbeans
23,26,36,18.055,91.304,6.57,129.385,pomegranate
57,69,78,18.219,21.597,7.07,93.335,chickpea
15,15,39,24.755,93.655,5.634,125.57,pomegranate
40,24,38,23.971,91.574,6.697,101.597,pomegranate
3,144,198,21.563,93.47,5.807,108.276,apple
25,123,203,11.496,81.484,6.267,73.365,grapes
28,55,18,28.861,89.634,7.183,61.484,mungbean
80,54,30,22.04,73.483,6.59,91.765,maize
93,42,19,24.324,61.18,6.276,60.305,maize
76,37,44,22.965,82.005,6.958,260.804,rice
29,47,22,25.751,52.191,3.846,48.472,mothbeans
62,54,24,23.864,73.321,6.054,89.266,maize
88,8,47,25.772,85.276,6.858,55.21,watermelon
84,34,26,23.64,61.944,7.386,139.551,coffee
29,66,16,21.141,20.368,6.27,98.884,kidneybeans
25,60,34,23.62,30.11,6.679,188.826,pigeonpeas
35,136,201,35.773,81.103,5.903,70.817,grapes
26,47,26,26.865,59.601,5.248,40.998,mothbeans
83,58,44,25.51,89.549,6.005,197.931,jute
47,58,29,29.594,69.274,7.045,50.164,blackgram
26,24,26,27.661,54.784,5.838,100.39,mango
80,24,29,26.318,69.632,7.353,165.301,coffee
117,25,48,29.524,93.306,6.878,20.356,muskmelon
50,66,55,28.152,91.129,6.972,85.353,papaya
97,29,46,24.784,83.02,6.311,51.278,watermelon
2,34,25,31.66,64.752,4.694,100.893,mango
118,21,55,26.631,86.788,6.899,48.985,watermelon
87,49,38,25.089,85.36,6.226,191.218,jute
120,13,45,25.56,83.433,6.612,48.669,watermelon
71,37,43,24.413,77.758,6.284,197.247,jute
7,59,27,28.509,40.466,7.458,63.087,mothbeans
5,43,33,32.817,85.309,7.32,49.491,mungbean
20,126,203,37.382,84.971,5.871,73.206,grapes
15,22,28,31.685,54.558,5.846,84.032,mango
37,28,26,28.331,93.186,5.763,140.785,coconut
13,26,30,25.731,92.728,5.48,223.602,coconut
63,64,53,42.969,91.212,7.179,175.678,papaya
89,53,44,25.123,88.018,6.888,198.095,jute
86,36,31,23.928,54.932,7.427,174.682,coffee
51,64,78,21.562,18.893,7.33,62.941,chickpea
30,48,48,25.155,93.143,6.707,178.689,papaya
52,55,49,25.444,92.772,6.508,116.796,papaya
115,11,53,24.332,89.471,6.075,46.587,watermelon
22,39,28,26.922,56.333,8.095,55.833,mothbeans
23,36,23,27.681,80.036,7.161,39.563,mungbean
34,8,7,18.137,92.398,7.082,109.397,orange
108,8,50,29.752,91.315,6.03,23.38,muskmelon
103,35,30,27.59,65.441,7.096,149.47,coffee
21,5,37,19.202,89.771,6.538,126.063,pomegranate
25,59,29,26.567,62.898,8.697,49.294,mothbeans
100,20,54,27.291,91.487,6.341,25.641,muskmelon
33,31,29,27.539,49.371,5.103,103.955,mango
83,46,41,21.749,88.849,6.386,283.362,rice
116,48,25,25.773,78.539,7.211,88.734,cotton
28,37,34,24.849,59.672,5.157,34.325,mothbeans
39,79,86,23.209,26.553,7.582,83.341,chickpea
139,42,20,22.383,83.454,6.442,78.38,cotton
15,76,32,32.78,32.995,6.229,108.907,pigeonpeas
19,137,202,23.738,93.342,6.247,117.656,apple
18,28,35,29.573,91.203,5.955,220.48,coconut
57,66,15,29.827,65.001,6.38,86.945,blackgram
103,18,47,28.144,93.728,6.925,21.319,muskmelon
94,46,28,23.775,66.943,5.83,99.34,maize
38,80,32,16.269,28.393,5.825,131.139,kidneybeans
32,21,26,27.701,46.783,5.981,117.488,mango
19,68,22,24.985,45.322,6.214,153.075,pigeonpeas
11,46,32,29.905,81.738,7.448,49.49,mungbean
103,81,54,25.466,76.043,6.219,90.962,banana
89,54,45,24.387,79.119,5.655,214.287,rice
75,40,19,26.529,64.725,6.117,66.878,maize
37,139,197,19.177,81.586,6.995,69.863,grapes
39,6,35,25.335,93.233,5.715,157.486,coconut
37,55,47,43.698,93.165,6.51,197.881,papaya
32,25,52,22.353,87.825,6.624,120.012,pomegranate
32,63,20,15.747,20.433,6.514,118.471,kidneybeans
117,20,31,27.044,51.965,7.246,190.583,coffee
121,41,16,22.209,81.546,7.569,98.154,cotton
69,51,49,24.004,92.291,7.486,95.266,papaya
16,70,17,27.253,74.557,5.91,69.132,lentil
90,13,49,28.326,91.993,6.912,22.683,muskmelon
57,57,21,28.686,62.579,6.135,67.093,blackgram
12,73,25,19.345,69.314,6.629,38.828,lentil
23,68,32,26.072,65.266,6.191,89.475,pigeonpeas
27,68,21,24.21,70.998,7.407,63.308,lentil
103,12,53,25.935,89.651,6.352,40.599,watermelon
101,15,47,24.519,86.871,6.887,45.622,watermelon
37,73,25,33.308,62.018,6.694,154.433,pigeonpeas
0,23,31,26.841,98.986,5.246,150.214,coconut
20,127,199,40.017,84.407,6.721,68.052,grapes
83,29,46,26.062,83.753,6.314,58.166,watermelon
16,62,32,18.378,24.935,6.236,108.534,kidneybeans
4,144,199,28.934,80.592,6.885,74.199,grapes
6,12,13,28.839,90.559,6.253,108.258,orange
33,55,25,21.73,64.698,6.379,66.878,lentil
86,25,52,27.848,90.993,6.876,29.508,muskmelon
35,66,35,22.756,20.843,6.554,118.792,kidneybeans
89,40,24,20.056,61.779,6.435,80.799,maize
37,23,32,30.878,46.365,5.597,89.692,mango
32,10,41,21.244,89.74,5.533,104.983,pomegranate
83,16,47,25.507,85.079,6.053,45.452,watermelon
112,37,32,27.151,62.835,7.139,179.682,coffee
11,73,30,20.467,61.546,6.785,66.214,lentil
93,44,34,26.86,64.234,6.194,79.094,maize
11,55,27,27.425,83.095,6.013,48.603,mungbean
120,59,21,23.621,83.495,6.573,84.423,cotton
115,45,15,23.212,84.536,6.389,82.772,cotton
19,59,30,33.295,62.217,7.006,152.004,pigeonpeas
26,75,20,18.969,22.477,6.028,116.5,kidneybeans
94,39,44,24.994,88.618,6.773,168.904,jute
36,57,31,21.109,46.031,7.406,112.62,pigeonpeas
23,131,197,19.28,80.773,5.584,71.92,grapes
52,66,18,30.91,71.356,6.213,69.886,blackgram
92,39,41,26.781,83.688,6.584,269.757,rice
33,11,39,24.232,94.159,6.447,126.384,pomegranate
99,78,49,28.473,82.156,6.143,98.05,banana
2,40,32,31.747,64.395,5.754,96.16,mango
103,36,24,23.009,76.866,6.995,86.333,cotton
81,27,50,26.603,86.993,6.649,49.12,watermelon
95,49,53,25.206,82.12,6.018,209.669,rice
94,11,54,24.891,85.354,6.245,55.601,watermelon
22,124,199,21.053,91.623,5.954,114.894,apple
89,86,49,25.412,83.426,6.167,109.31,banana
108,18,26,26.902,50.359,6.063,135.435,coffee
82,48,43,23.178,76.652,6.611,181.352,jute
85,47,17,21.132,61.666,6.738,102.887,maize
